Keyword,Source,Sentence,Note_ID
月考,title,⏰爱德思2026年5月大考时间,699ef82d000000001a026b39
月考,content,爱德思2026年5月考季时间表~ 大家安排学习和复习可供参考 补充说明： 1️⃣只放了常规的数理化生经商会和心理，如需其他科目请自行检索 2️⃣时间场次恢复了常规的下午1点和4点 3️⃣只有5月21日13点的化学U3和经济U3是同场次，其他时间都很友好，考试时间战线也拉得很长，算是有利于备考 （ps：26年1月大考的成绩是3月5日出分，学校/考点提前一天） 小小碎碎念 今年是丙午年（火旺），所以我用蓝色笔圈出了化学学科，这样可以防止火气过旺而焦躁（参考春晚主持人衣服，咳咳…），平心静气备考，从从容容作答，你们就是最棒的~(˶╹ꇴ╹˶)~ #爱德思#爱德思考试#爱德思考试时间#爱德思化学#国际学校#Alevel#Edexcel#化学老师#爱德思出分#爱德思考试局,699ef82d000000001a026b39
月考,content,想到去年这个时候，内心非常崩溃，因为之前的深一模考得很好，排名很高，但是四月的深二模、学校组织的三模、月考，都考得很差,680b81b7000000001d001dec
月考,content,而且排名掉的很厉害…所以当时心态其实已经快崩溃了,680b81b7000000001d001dec
月考,content,🥲🥲 五月在小红书上发了篇帖子，标题是“还有20天这个女生必须出现在深大”，现在回过头来看这个标题起得还真是有点太猖狂了哈哈哈哈,680b81b7000000001d001dec
月考,comment,想知道跟父母关系不是很亲昵的考试们，希望父母家人考试期间怎么做,680b81b7000000001d001dec
月考,comment,宝宝怎么调整心态的 有时候很努力了还是考不好好难受,680b81b7000000001d001dec
月考,comment,宝宝可以问问你模拟考跟高考差了多少分吗,680b81b7000000001d001dec
月考,comment,虽然我一定是考不到深大这么高了，现在只能在本科线上一小截，英语数学物理三大巨头一直在压着我，学姐英语到底怎么学啊,680b81b7000000001d001dec
月考,comment,我在杭州见了一些男主播后只能说没那么帅哈哈哈哈后悔刷礼物了,6a1dd0ef000000003503a5a9
月考,comment,我也是 看得眼红，嘉年华几十个刷，到底是干什么能赚成这样,6a1dd0ef000000003503a5a9
月考,content,八下第一次月考和期中考试，公主都没考好，班级名次掉到13和15，成绩出来的时候伤心了几天，然后就又变回之前那样不主动，不自律的状态，学习方法不对，学习效率极低，去卫生间抱着平板和书，半个小时不出来,6a2a43fc0000000008025aaa
月考,content,我跟他爸心里很是着急，连续两个周末都在跟她谈话，改正学习态度，爸爸这回真的很生气，话说的也比较重了,6a2a43fc0000000008025aaa
月考,content,老师也找她谈了一次话，批评中带着鼓励，希望她可以重回前十,6a2a43fc0000000008025aaa
月考,content,可能是爸爸和老师话对她起了作用，连着两三周都对学习很是上心，不用追，基本能主动去坐到学习桌前，主动让我给她买地生卷子，晚上主动刷题，十一点前没有再偷懒，这两天更是十一点半才结束睡觉💤，这次月考重回前十名，也是对她一段时间努力回报吧，公主自己也挺开心，毕竟看到结果是好的，努力没有白费，爸爸给她奖励200元，表示对她努力付出这种态度的肯定,6a2a43fc0000000008025aaa
月考,content,再过两周就是地生会考了，昨天模拟考试也不太理想，回家很是沮丧😟，说自己刷了很多卷子，还是不能满分，担心会考也不能满，心情很差，自己还掉了眼泪，我跟爸爸安慰她，只要是认真审题，改正粗心大意毛病，她是有实力满分的，如果不🈵，那就是运气差了点，天意弄人,6a2a43fc0000000008025aaa
月考,content,#太可爱了#sk么么哒#sk么么哒月考#sk5月月考#sk月考,6a1d888a000000003701f95a
月考,comment,真的好可爱她但是她拉麦好心疼,6a1d888a000000003701f95a
月考,comment,呜呜散粉看到么么哒每次拉票拉过都会深深鞠躬真的[完啦R][完啦R],6a1d888a000000003701f95a
月考,comment,不粉，只是觉得好可爱哈哈哈哈蛮有好感的,6a1d888a000000003701f95a
月考,comment,听说才19岁，太小了，这个工作强度工作压力，很厉害了,6a1d888a000000003701f95a
月考,comment,她家散票太牛了,6a1d888a000000003701f95a
月考,title,sk月考太刺激了,6a1d938c0000000008001ecf
月考,comment,你说要是这些七十几级大哥都决定打到底那是什么盛况，不敢想象，肯定都好看,6a1d938c0000000008001ecf
月考,comment,我去太好看了我去,6a1d938c0000000008001ecf
月考,comment,么么哒家好能打啊，哥姐太支持了,6a1d938c0000000008001ecf
月考,comment,17进的时候恋恋本来都开始眼睛亮亮的说感谢词准备离场了 还介绍了自己团里有很多小姐姐 不忘记给自己的团宣传 很真诚的小恋恋 没想到被突然出现的大哥抬到了现在 拉票能吸到大哥 恋恋真的甜美 希望有个好名次 第一次看到恋恋有被吸粉到,6a1d958300000000080264d4
月考,content,英语试卷，下次课的讲课内容，整体存在难度，知识点和单词有很多可以积累，非常的不错，大家都得到了多少分数呢?#高中英语#高考英语#高考英语#高中英语怎么学#英语阅读理解#高考英语作文#英语作文模板#英语考试#北京高考英语#北京卷英语,68ed12ce000000000303beee
月考,comment,133其实下坡路很久了 最开始的时候我特别爱看133 那时候每天五六千人呢 前几天点进直播间一千多 有的时候七八百 感觉挺唏嘘的 当时是拿下了什么新团荣誉吗 没记错的话,6a1b00ac00000000350331c1
月考,comment,133现在这个样子我真的支持解散了，大家都很漂亮但是流量就是不行，主题从去年的一周一次到现在很久都不见一次主题，号很脆老是封也不能开新号因为再开新号就是第三个号了公司那边不同意，引流也是每次说引都是引个几天也不引了，感觉大家都很佛系吧，事业粉真的很揪心,6a1b00ac00000000350331c1
月考,comment,133实在不行我再看一个暑假的大展鸿图也行流量先搞起来啊,6a1b00ac00000000350331c1
月考,content,期待明天 #sk#sk月度盛典#sk月考#新人#黑马#sk广州,69c7abc1000000001d0182ab
月考,comment,无粉籍纯路人 卡卡 看完舞台已关注 太惊艳了 不多说不愧是top,6a1d4eca000000003701d5a1
月考,comment,路人的话我比较喜欢卡卡的因为太有意义了,6a1d4eca000000003701d5a1
月考,comment,真心觉得卡很厉害 虽然我不粉他，我是另一个人的粉丝 但是我每次都觉得他很厉害，他就是站在很高的位置，但是他更努力，他在一个很高的位置的时候，却是他往前走的更加的大的动力，每次舞蹈都是很用心，然后会突破自我，不会停留在一个地方,6a1d4eca000000003701d5a1
月考,content,烦的要命,69831aa00000000022033493
月考,content,一天的心情在此刻定下基调 前路漫漫 别放弃#会计专硕#高分指南#26管综#海绵#考研,69831aa00000000022033493
月考,comment,羡慕，我今天得了两个50分学的都快放弃了,69831aa00000000022033493
月考,content,不是天赋，都是我暑假拼命恶补得来的，希望我的方法也能帮你们快速提分,6a29616b000000002202b502
月考,content,看到词能反应出中文就够了,6a29616b000000002202b502
月考,content,- 背单词表没用，因为考场上你遇到它还是认不出来,6a29616b000000002202b502
月考,comment,第一第二差距这么大，让人争第一呢,6a184e1c00000000060302ed
月考,comment,去年第一第二也是差300名额，一样的,6a184e1c00000000060302ed
月考,comment,[笑哭了R]第一第二名名额差好大，第二和第三名额也差蛮多的，只有第三第四第五相差不大,6a184e1c00000000060302ed
月考,comment,除了第一第二，剩下名额差距好小,6a184e1c00000000060302ed
月考,title,没救了 不开心🙁,69da4bbd000000002302583f
月考,comment,救命 我怎么找不到月考,69da4bbd000000002302583f
月考,comment,回复：好滴好滴 感谢,69da4bbd000000002302583f
月考,comment,原来我不是一个人放眼望去好多不会做，心都凉了不过还是有好多人只错一两个啊,69da4bbd000000002302583f
月考,comment,好多人做的好好，看得我不行了,69da4bbd000000002302583f
月考,comment,感觉不会 到时候过麦分太高了,6a1c1ef700000000060364d2
月考,comment,sk不清零的宝宝，三天累积,6a1c1ef700000000060364d2
月考,comment,回复：好的谢谢宝宝,6a1c1ef700000000060364d2
月考,comment,好不容易来一个大姐，结果又开始有人嫉妒了,6979d083000000000b011046
月考,comment,plq的特别季度萱萱哦 就逮着她一个人莎啊 看得出来很季度萱萱这么有票哦 收收味儿 藏好皮下好吗,6979d083000000000b011046
月考,comment,不是还有七百万票没出吗，期待明天后天,6979d083000000000b011046
月考,comment,去看了月考小骨宝宝还会鞠躬 太萌了[完啦R],6a1d5cf100000000360301cd
月考,comment,可是宝宝，我们粉丝真的很喜欢，没有不适合，不适合的柚子也不会做的，每个人审美喜好不同的,6a1d5cf100000000360301cd
月考,comment,回复：好的，有人喜欢有人不喜欢正常，这个并不是压力柚子,6a1d5cf100000000360301cd
月考,comment,柚子很好，也希望她越来越好,6a1d5cf100000000360301cd
月考,comment,回复：广西人激动的关了空调,6a1d5cf100000000360301cd
月考,comment,回复：好滴谢谢,6a1d5cf100000000360301cd
月考,comment,回复：对对，同款黑长直简单的吊带长裙，超美超有气质,6a1d5cf100000000360301cd
月考,comment,晴子这个妆造好好看 特别贵气,6a1d5cf100000000360301cd
月考,comment,谢谢宝宝夸夸,6a1d5cf100000000360301cd
月考,comment,谢谢宝宝夸CC,6a1d5cf100000000360301cd
月考,comment,回复：看见了感觉牙好可惜,6a1a9ab30000000038035771
月考,comment,回复：是的太可惜了牙牙,6a1a9ab30000000038035771
月考,content,#sk月考 卡柚争第一啊啊啊啊啊 我们柚子太争气了一战成名啊啊啊啊啊,697d0447000000001a021dec
月考,comment,恭喜这个柚子 喜欢的话 可以来月牙泉879看她 每天下午两点开播尼,697d0447000000001a021dec
月考,content,#普娃#月考成绩 考试过去一周了，成绩才姗姗来迟，英语成绩一直稳定，又拿了个第一名，数学也还可以吧，最后一道压轴题做的不完整，思维深度还要加强，语文简直了，不过实际分数要高几分，老师算错分了，不过也无所谓，月考也没人太看重吧,6a28daa0000000002200bb95
月考,comment,你们可以ApP这么直接的看分数排名真好 羡慕,6a28daa0000000002200bb95
月考,comment,听懂的都哭了,6a1d9b33000000000803c636
月考,comment,太难打了都800w,6a1d9b33000000000803c636
月考,comment,回复：大哥可能想等等看有没有别的哥姐或者散粉多垒垒票的，这样压力也能小点,6a1d9b33000000000803c636
月考,comment,希望柚子有个线下舞台,6a1d9b33000000000803c636
月考,comment,希望有神豪看看我们柚子,6a1d9b33000000000803c636
月考,comment,不敢看了 这个柚子值得一个线下舞台,6a1d9b33000000000803c636
月考,comment,相比没有线下，我更怕入赘和hz开贴说她,6a1d9b33000000000803c636
月考,title,疯了，高二考成这样还有希望吗,670ce9ad000000002401a173
月考,content,一整天都郁郁寡欢的，很崩溃，不明白为什么努力了还是那么差,670ce9ad000000002401a173
月考,content,我好嫉妒我的同桌上个学期她跟我是差不多水平的，今天成绩发下来总分450多，前进了一百多名 对于英语我不知道怎么学，词汇量很匮乏，但是记忆力又很差，语法也不会，整张试卷几乎都看不明白，全是猜的,670ce9ad000000002401a173
月考,content,我真的很担心现在我都那么差了，到了高三难度升级，会更差,670ce9ad000000002401a173
月考,content,害怕考不上本科#文综#高中#文科生#历史好难#英语#高中政治#学习#求助#学习经验分享#心态崩了,670ce9ad000000002401a173
月考,comment,回复：好滴谢谢，现在在慢慢一点一点积累了,670ce9ad000000002401a173
月考,comment,回复：感觉英语单词背了就忘了 真的很难记住,670ce9ad000000002401a173
月考,comment,回复：基礎特別差應該從什麼開始啊 背基礎的 還是直接從現在課本的開始背,670ce9ad000000002401a173
月考,comment,姐妹我也是这样 我数学才25不到崩溃了 你现在学得怎么样了(╥﹏╥),670ce9ad000000002401a173
月考,comment,呜呜单词实在不会的太多了，看懂得好久了,670ce9ad000000002401a173
月考,comment,回复：现在有在背单词了，可是每天记住的很少，只能慢慢积累了，就怕没效果,670ce9ad000000002401a173
月考,comment,回复：我从五十到一百，两三个月只是拼命背单词 其中从五十多到八十月就一个多月 所以你基本把该背背 把基础磨磨就能考及格了 最重要是不要心急 想当初是我报补习数学 那个老师抓我背词 结果数学还是考'那个鬼样子 英语倒是补起来了,670ce9ad000000002401a173
月考,comment,回复：我才高一但是其实我觉得英语主要考的不是单词，就算你所有单词都背了，阅读里就是会有很多生词，我觉得最重要的是语法，其次是短语，短语是在语法基础上的高频出现的语法点，背它主要是为了节省时间，最重要的就是语法，语法会了，短语一般自己就可以理解，而你说看不懂，其实可以通过学习做题方法，总结经验，大部分人都不能完整看懂，能做出你看不懂的题才能拉开差距,670ce9ad000000002401a173
月考,comment,我跟你差不多比你再差点,670ce9ad000000002401a173
月考,comment,: 感觉能坚持的话应该不会差，但是我怕年纪太大了,685a98a3000000002201c0be
月考,comment,回复：但是又不甘心，我看还有人退学回来重读的,685a98a3000000002201c0be
月考,comment,回复：不完全是，主要是当时有很大一部分不知道报考这么残酷，现在一看只能上个二本不甘心,685a98a3000000002201c0be
月考,comment,回复：如果这次的分运气成分很小就读（坚持的了的话）,685a98a3000000002201c0be
月考,comment,: 基本没有运气成分，就是吃之前老本的状态，因为考前一套整卷都没做过,685a98a3000000002201c0be
月考,comment,回复：但其实对我之前成绩来说就是差的离谱，毕竟一两年没去,685a98a3000000002201c0be
月考,comment,回复：有啥不甘心的，才学了50天，好好选个专业，大差不差的学校，大学了继续好好学，以后还有机会,685a98a3000000002201c0be
月考,comment,休学2年的，想想自己能不能承受复读的压力吧,685a98a3000000002201c0be
月考,comment,回复 Ms. DoO : 确实没用，就是看着好看,685a98a3000000002201c0be
月考,comment,不行我要乐死了,685a98a3000000002201c0be
月考,comment,回复：可能有些人底子特别好，或者多多少少复习了一些吧对于我这种记性差的文科生来说，一两年不背书绝对全忘了,685a98a3000000002201c0be
月考,comment,我也才三百出头，休三年没学，文科全是背的，我记忆力还受损了完全复习不了，数学我更是题都看不懂高考写卷子我好像有那个阅读障碍似的，好几科都提前交卷了，考场那个环境我是受不了，身体那个难受劲啊我就知道肯定会躯体化,685a98a3000000002201c0be
月考,comment,高二下开始请假 裸考588 痛苦报志愿中,685a98a3000000002201c0be
月考,comment,我和你差不多,685a98a3000000002201c0be
月考,comment,回复：一年多没去学校也没复习，不是裸考吗,685a98a3000000002201c0be
月考,comment,难受，我还是希望能过线就不用再受罪了，但是全家人都劝我走，我也知道我的精神状态不适合读，就是不甘心,685a98a3000000002201c0be
月考,comment,你怎么学的呀呜呜呜,685a98a3000000002201c0be
月考,comment,回复：那我完了我这里也是没有四百多给根本不行我上不了了,685a98a3000000002201c0be
月考,comment,回复：嘿嘿报民办大专两眼一黑看不见一点希望,685a98a3000000002201c0be
月考,comment,回复：对，两年多几乎没学，我考成这样都还接受了，但想起来曾经在学校发生的事还是难受,685a98a3000000002201c0be
月考,comment,高二心理出问题成绩变差啥都学不进去 高考几乎裸考考了个395 就政治能看考了85,685a98a3000000002201c0be
月考,comment,回复：那你现在有没有好一点 自从高中毕业了我心理问题就好了很多希望你能过的好一点,685a98a3000000002201c0be
月考,comment,回复：我也是 学了不喜欢的专业上了个死贵的学校 走一步看一步,685a98a3000000002201c0be
月考,comment,也是一年没去，最后十天复习了一下，462，怎么说呢，这里面有两门我再来一年可能都考不了这么高，但有几门我再来一年是绝对可以提个五六十分的在纠结要不要复读，打算先填志愿，如果没录上就复读，不考虑民办，大专也不考虑我不接受，有这民办的钱不如让我复读,685a98a3000000002201c0be
月考,content,今天，我想把这些经验分享给大家，希望能帮助更多孩子在高二下学期实现逆袭,67a9b428000000001801ab9b
月考,content,刷到很多帖子：月考崩了、来不及了、怕考不上,6a2a4f610000000022016fe9
月考,content,越刷题越没底、这种慌我太懂了,6a2a4f610000000022016fe9
月考,content,一卷考的我哭了，，，我真的好难过怎么会这样,6a257f26000000003502ecda
月考,content,虽然本来也没有给数学太多希望但是真的好难过,6a257f26000000003502ecda
月考,comment,谢谢你宝宝,6a257f26000000003502ecda
月考,comment,我和你差不多情况…只能后悔对答案了,6a257f26000000003502ecda
月考,comment,实力在就不怕，不然怕了也没用，总有属于自己的一片天空,6a257f26000000003502ecda
月考,content,我懂你现在的迷茫，看着成绩卡在瓶颈，看着别人越来越稳，越想努力越不知道从哪里下手,6a1012a40000000035027b0f
月考,title,高三第一次月考 还有希望吗,68e292310000000004003f8a
月考,content,我在普高重点班 物化生组合 我一直是班级倒数 和班级平均分也差了60分 真的好害怕#月考#一轮复习#高三#物化生,68e292310000000004003f8a
月考,comment,回复：这种都是小问题，我数学经常低于我们班平均分，总分上去了就行，你主要还是因为小三科实在不行，数学多花时间补基础，小三门补起来也很花时间还是理科,68e292310000000004003f8a
月考,comment,回复：也别太焦虑，高三总复习还有机会，好好听好好找补还是能上去的，我是文科生我对数学绝大部分理解都来自于高三数学老师的总结，还有一年呢又不是只有一天了,68e292310000000004003f8a
月考,comment,一看就是普高的分数，最高才580[笑哭了R]有希望啊，上升空间很大,68e292310000000004003f8a
月考,comment,回复：我不清楚 我以为真的笑死我了 我说怎么这么巧呢，我还在五月是有点玄学在的,6a1aa76f0000000007024c88
月考,comment,第一天就比别的公司打的大了 太可怕了,6a1aa76f0000000007024c88
月考,comment,意味着sk只靠第一天就已经赚疯了，更别提后面还打线下,6a1aa76f0000000007024c88
月考,comment,SK赚疯了,6a1aa76f0000000007024c88
月考,comment,这5月得打疯了啊,6a1aa76f0000000007024c88
月考,comment,sk赚疯了,6a1aa76f0000000007024c88
周测,content,学校两周或者两周半进行一轮周测，每周都会测，题目有时候很难，做着头疼，花费很长时间都做不出来，学校又赶课，有时候题目很难或者时间不够，有些科目老师就不讲了,69c8c944000000001f003f30
周测,content,#高中生心理状态#高中生日常#学生压力大,69c8c944000000001f003f30
周测,comment,这个太6了，我们学校高三也是一周周测六次,69c8c944000000001f003f30
周测,comment,一样 [泪崩R][泪崩R],69c8c944000000001f003f30
周测,content,刚改完4.6的数学周测卷，从下午2点改到凌晨1点，看着满卷的红叉，真的又气又心疼😭作为带了3年重点班的数学老师，真心想跟学生说： 1️⃣别再抄作业了,69d45ac3000000001b00359c
周测,content,把这张周测卷吃透，比刷10套卷有用 改卷的时候，看到学生把我上课讲的方法写上去，真的会开心好久，看到学生因为粗心丢分，真的会替他可惜,69d45ac3000000001b00359c
周测,content,但我就是没有什么进步啊啊啊啊😭😭😭😭✋✋ #曼奇立德设计综合班#曼奇立德#曼奇立德改图#改图,6a2a2e1900000000210083c1
周测,comment,🤩🤩🤩🤩女神你终于更新了好喜欢这张，，，故事性和构成都太牛了，，震撼美味…😭😭就这样美美品鉴女神改女神图图,6a2a2e1900000000210083c1
周测,comment,求答案，谢谢,6a1efb19000000003501e5e5
周测,content,（还没学到几何，只看了一节课，题一多半是蒙的，蒙的大多数都错了哈哈哈哈，不过会做的应该都做对了嘿嘿）（不知道怎么嘿得出来的……） #数学#管综数学#人被逼急了什么都能做出来#除了数学#因为#数学不会就是不会,6a1bbe5f0000000006036c4c
周测,content,写的那叫一个快，自信满满写完错四个 求求自己，求你细心，多考虑几种方案，记着验证 【截距互为相反数➡️1）过原点,6a1ea3490000000022028c85
周测,content,觉晓周测打卡挑战赛太适合我了，每周一套题保持手感，查漏补缺效率超高，一起坚持打卡冲上岸,6a252fc3000000002201622d
周测,comment,语数英都比上一届难，希望小三科能善待一下这一届的学子们吧,68442352000000002301569c
周测,comment,前三个和模考差不多吧大题，椭圆导数是真变态，把我会的步骤都给我省略了,68442352000000002301569c
周测,comment,不对不对，你应该这个也不会画那个也不会画然后急的直蹬腿才对,69172f3c0000000005013190
周测,comment,对的对的 是急得蹬腿了呃啊啊啊,69172f3c0000000005013190
周测,comment,回复：商稿画不出来急得直蹬腿[抽泣R],69172f3c0000000005013190
周测,comment,你看又急,69172f3c0000000005013190
周测,comment,回复：急还不让急了,69172f3c0000000005013190
周测,comment,你好我想问一下，20题联立了不是过竖直线吗，怎么能确定最值呢,68e4e8ad000000000301d698
周测,content,担心HIV、梅毒,6a295b180000000021020c32
周测,content,别搜艾滋梅毒早期症状吓自己👇 ALL TEST传染病四项检测试纸 ✔️高危满2周可测，不用干等 ✔️一次查四项，梅毒/艾滋/乙肝/丙肝 ✔️15分钟出结果，操作简单 ✔️不用去🏥、不用被问来问去 ✔️正规械字号，备案可查 先别慌，测完心里才有底💪 浙械广审(文)第271008-06953号 请仔细阅读产品说明书或者在医务人员的指导下购买和使用 禁忌内容或者注意事项详见说明书 #艾滋病检测#梅毒检测#传染病四项#HIV自检#艾滋病症状#情侣见面#四合一试纸#艾滋病检测试纸#梅毒症状#hiv检测,6a295b180000000021020c32
周测,comment,自测真的很方便，一次性干净卫生，一分钟差不多出结果，关键卖家很好，必须好评,6a295b180000000021020c32
周测,comment,"方便检测，操作简单明了，常年出差经常检测一下，说明书详细易懂,初次使用很顺利，检测结果很快，而且客服基于心理指导，非常到位，很用心经营",6a295b180000000021020c32
周测,comment,上个月，高危行为，这段时间每次感冒发烧，身上长湿疹红疙瘩，都提心吊胆，总想结束生命，心理斗争了一个多星期，终于购买了四盒全周期试纸，客服很耐心的帮助我，直接用的备用针，胡乱扎了几下，两滴血，等待的时间里，客服很耐心的开导我，还好C线，突然觉得世界真的很美好，害怕有误差，过两个月重新测试一下!同胞们，只有经历过，才能知道活着是多美好的事情，以后要好好生活，好好对待家庭，生命中还有好多有意义的事情，希望大家都是C线，加油,6a295b180000000021020c32
周测,content,#周测卷 2026新版#周末小测卷 来啦，同步课本，每周一测及时查漏补缺，预习复习就这一套足够了 #小学语文﻿﻿#小学数学﻿#小学英语﻿﻿#小学学习资料﻿﻿#测试卷﻿﻿#小学生学习﻿﻿#小学数学试卷﻿﻿#小学数学怎么学﻿﻿#小学期中考试,6989ae22000000001a020e2a
周测,content,江苏一年级数学必入📚亮点给力大试卷太香了 江苏版一年级下册数学的宝妈看过来,69df23d1000000001a02fb1f
周测,content,"苏E,七上，数学周测，满分13个，90以上19个，80以上17个，80以下2个，我家就是那80以下的其中之一，焦虑",68c8b251000000001b01e215
周测,comment,回复：赶紧，孩子没卷过，能进重点班，说明一直对自己是有自信的,68c8b251000000001b01e215
周测,comment,你这一开学就考倒数，对孩子自信心打击很大的,68c8b251000000001b01e215
周测,comment,回复：小学不卷也能考好啊，,68c8b251000000001b01e215
周测,comment,回复：那我们这不行,68c8b251000000001b01e215
周测,comment,回复：别焦虑，后期孩子懂了，能跟上，我家现初二，之前初一也这样，期中期末也能考90左右，周测考不过他们补过课提前学的,68c8b251000000001b01e215
周测,comment,回复：你想自己孩子在休息在玩的时候，人家提前学提前做题了，不能要求那么高，我家也是择校进的重点班，基本天赋差不多，真的天赋异禀的早去参加奥赛了,68c8b251000000001b01e215
周测,comment,要么题目太简单，要么题目太难，如果你们不是掐尖班，就说明题目简单，你儿子不细心我家也是初一，数学还没考，英语考了，6个90以上，80多的20个，60-80的10个，不及格的6个，这个才是正常的初中,68c8b251000000001b01e215
周测,comment,回复：好班就不要有压力了，放在普班这成绩没问题,68c8b251000000001b01e215
周测,comment,我家是在学校有一千多人的中的一个普通班，卷子还没发，老师说他班里只有一个90以上的太惨了,68c8b251000000001b01e215
周测,comment,差别好大,68c8b251000000001b01e215
周测,comment,感觉周测都蛮简单的，不行就补啊，我儿子七年级开始补数学的，补晚了，好多小学就开始学奥数，或者你给他多刷点题呢，做点五星学霸，把不会的错题给他讲明白,68c8b251000000001b01e215
周测,comment,回复：周测是限时的，有时会的题目，时间一紧张容易错,68c8b251000000001b01e215
周测,comment,不急的，平时作业多限时，做做错题就会好的,68c8b251000000001b01e215
周测,comment,不急，基础打牢最重要,68c8b251000000001b01e215
周测,comment,吴中的焦虑,68c8b251000000001b01e215
周测,comment,相城的表示一样焦虑,68c8b251000000001b01e215
周测,comment,不要着急，初中的考试多着呢,68c8b251000000001b01e215
周测,content,我们周测考试管的不严，桌椅不翻没老师管，所以几乎每次考试都有人在作弊，包括学习好的，他们就这样轻轻松松考九十多分，而我努力背书学习也没他们高，想找老师反馈，但是呢如果我告了，我肯定要被全班孤立，真的气死我，凭什么呀，努力学比不过他们，想来想去害得我也跟他们一块抄了，哎，现在我好后悔啊但是这也太不公平了吧#解决问题,6a25813d000000002100960a
周测,comment,就一句话，大考是不会骗人的，高考是不可能作弊，你没必要在意这些小考的，举报对你一点好处都没有，还会给老师留下你喜欢打小报告的不好的印象，老师也不会把那些作弊的怎么样的，你就让自己认真努力的学，对的起自己高考也会对的起你的,6a25813d000000002100960a
周测,comment,"回复：我没有说别人作弊学习就没用了这种话呀,我只是看你说高考不可能作弊的话来跟你说一下呀,高考就是有可能作弊的呀",6a25813d000000002100960a
周测,comment,回复：所以你是什么意思，就别人高考作弊，学习就没用了吗,6a25813d000000002100960a
周测,comment,除了中考，高考，任何考试，哪怕期中，期末，模拟考，目的都是查漏补缺,6a25813d000000002100960a
周测,comment,没搞清楚平时考试的目的，考试不是为了排名次争高低，是为了适应气氛，管理情绪，查找不足，自我修正的方式,6a25813d000000002100960a
周测,content,姐妹们天塌了真的太难了，两周的披星戴月的学习，迎来第一次周测，数学倒数86分,68ca094e000000000e021427
周测,content,简单的题粗心出错，难得题又不会，孩子没事，我要疯了,68ca094e000000000e021427
周测,comment,我们是常州，唉，小学英语还挺好的90+，初一第一次单元测就炸了，不及格了59，老母亲都要炸裂了,68ca094e000000000e021427
周测,comment,说多了怕伤他自尊心，不说又担心他想不开,68ca094e000000000e021427
周测,comment,说多了都是泪啊,68ca094e000000000e021427
周测,comment,回复：没事大家都一样起跑线，重新加油,68ca094e000000000e021427
周测,comment,回复：其实就看小升初快班筛选标准，一般都要求总分290左右，加上语文要考95以上有难度，所以数学和英语其实优秀的概念要达到98以上,68ca094e000000000e021427
周测,comment,回复：你家哪个初中,68ca094e000000000e021427
周测,comment,我们娃回来又累又饿，吃吃喝喝，现在最多记记英语课文单词词组,68ca094e000000000e021427
周测,comment,: 我们小学阶段一点妈妈牌作业都不做，就是学校作业，但是我们喜欢中英文阅读，所以孩子的英文能力和理解能力一直比较强,68ca094e000000000e021427
周测,comment,谢谢提醒，抓紧补起来,68ca094e000000000e021427
周测,comment,: 我们哪些是整数都错了，他说没看见，很无语😓,68ca094e000000000e021427
周测,comment,一模一样，我心梗了，无语极了，暑假都学过了，那么难得题都能做对，一个周测，简单A4纸练习，干嘣了，直接85分,68ca094e000000000e021427
周测,comment,回复：我甚至觉得她要笨一些更好了，大家就能一起躺平,68ca094e000000000e021427
周测,comment,回复：都是掐尖进来的,68ca094e000000000e021427
周测,comment,回复：都是平行班,68ca094e000000000e021427
周测,comment,我们晚自习后还留那边在搞一节课补差呢,68ca094e000000000e021427
周测,comment,: 跟不上也没办法,68ca094e000000000e021427
周测,comment,: 上了初一真的难,68ca094e000000000e021427
周测,comment,我家也一样，老母亲苦啊，又不敢对着娃说,68ca094e000000000e021427
周测,comment,昨天娃哭着说现在看到分数都害怕，怕回来要被骂,68ca094e000000000e021427
周测,comment,我们都没有觉得自己成绩差,68ca094e000000000e021427
周测,comment,事实证明我还是太理想了,68ca094e000000000e021427
周测,comment,: 其实不是孩子不行，而是教育变味了，全靠补课了,68ca094e000000000e021427
周测,comment,回复：真的是，要学习的内容太多了,68ca094e000000000e021427
周测,comment,我们语文成绩好一些，数学差,68ca094e000000000e021427
周测,comment,连续两次周测七十几的已崩溃,68ca094e000000000e021427
周测,comment,回复：我家最近测试了一次计算很崩溃，赶紧练习起来,68ca094e000000000e021427
周测,title,🔥周末分数暴涨计划㊙️成绩越差越有效,68a6d53d000000001b033e46
摸底考,comment,这个简直把我害惨了，我妈担心摸底考会影响老师的第一印象竟然高考那个暑假让我在家复习准备了一个多月,698c2c27000000001600a456
摸底考,comment,哈哈哈哈哈[笑哭了R][笑哭了R],698c2c27000000001600a456
摸底考,comment,哈哈哈哈哈 真是甜蜜的大烦恼啊,698c2c27000000001600a456
摸底考,comment,哈哈哈哈哈哈你也太乖巧了 如果是我考上早就在家横着走了 谁都管不了我,698c2c27000000001600a456
摸底考,comment,回复：一个是我妈会不断的情绪攻击传播焦虑，另外我妈会把家门反锁死然后不准我出门,698c2c27000000001600a456
摸底考,comment,回复：这控制欲也太强了吧，你真的受得了嘛,698c2c27000000001600a456
摸底考,comment,回复：受不了啊，所以从大学开始远离原生家庭,698c2c27000000001600a456
摸底考,comment,回复：完全没用，考的都是竞赛的题,698c2c27000000001600a456
摸底考,comment,太惨了[捂嘴笑R][捂嘴笑R][捂嘴笑R][捂嘴笑R],698c2c27000000001600a456
摸底考,comment,回复：太恐怖了，还好我妈不是学校老师,698c2c27000000001600a456
摸底考,comment,考上清华了妈妈也要这样焦虑吗[抽泣R],698c2c27000000001600a456
摸底考,comment,回复：诶嘛呀你太听话了，我要是你趁着吃饭就赶紧跑出家门出去旅游,698c2c27000000001600a456
摸底考,comment,像是我妈会干的事儿,698c2c27000000001600a456
摸底考,comment,当时有同学觉得考差了要被强制退学[笑哭了R],698c2c27000000001600a456
摸底考,comment,英语底子好的选简单的课上会喜提雅思和GRE单词，学弟妹之前还后悔早知道摸底考好好发挥,698c2c27000000001600a456
摸底考,comment,我高中同桌当年去了清华后和我吐槽了英语分级考，说太简单了，她考了第一,698c2c27000000001600a456
摸底考,comment,[笑哭了R]厉害,698c2c27000000001600a456
摸底考,comment,给我切换小笨书啊喂,698c2c27000000001600a456
摸底考,comment,回复：越低越能选简单课啊，反正没用,698c2c27000000001600a456
摸底考,comment,回复：啊，那也太好了,698c2c27000000001600a456
摸底考,comment,英语分班都是越低越好吧，（不是清华的），咱们是差班简单一些，我就是当时差班的,698c2c27000000001600a456
摸底考,comment,考不完的考试，真的很讨厌，心里有强烈的抵触,698c2c27000000001600a456
摸底考,comment,英语你就按高考英语分来，不行吗 综合科目直接给竞赛生排前面，然后普通高考生按高考分继续往下排,698c2c27000000001600a456
摸底考,comment,各省考生的高考卷子不一样[笑哭了R]主观题打分粗细也不一样，参考性不大,698c2c27000000001600a456
摸底考,content,年排97，高中三年考得最差的一次 考前一周也没怎么学其他科首考后也没心思复习任何东西，结果考试的时候根本不知道自己在想什么，尤其是数学啊啊啊 总之以后绝对不会再考这么差了，最开始根本不想发，但还是决定鼓起勇气发一下这样当我每次打开xhs都可以警醒自己 已经对一周后的首考成绩不抱任何希望了 高付出0回报） #高三#高考#高三一模,69ca5433000000001a023a4d
摸底考,comment,回复：也还好吧河西教育水平在天津肯定算高的吧 区里这个是不是高考也能294 297了（我不太了解啊）,69ca5433000000001a023a4d
摸底考,comment,也不用太纠结，毕竟这一模和一考隔的时间太短了，暴露问题解决问题就好啦,69ca5433000000001a023a4d
摸底考,comment,回复：那可能是你答题细节上出现了问题，比如阅读理解，是否会有这样的情况：主旨含义能理解，但是无法用准确的语言表述出来，或是自己写的和标准答案差不多，但就是得不了分,69ca5433000000001a023a4d
摸底考,comment,姐妹我是和平的，也是同感，首考之后心情大幅下降，这几天感觉糟透了，平常上学都快崩溃哭了，今天发了英语作业，也不知道写不写，心里难受，一模也一般，学校上午上课下午统练，我都感觉快被榨干了,69ca5433000000001a023a4d
摸底考,comment,我们学校管得不严所以不太累,69ca5433000000001a023a4d
摸底考,comment,我们也是刚刚送饭看他不高兴，一看出成绩了这次出前二十了,69ca5433000000001a023a4d
摸底考,comment,回复：谢谢你哦,69ca5433000000001a023a4d
摸底考,comment,n : 哦哦对 谢谢～,69ca5433000000001a023a4d
摸底考,comment,不过nkx中学这个一模英语考的平均分132+，真实度不太高就是了,69ca5433000000001a023a4d
摸底考,comment,数学最差的一集,69ca5433000000001a023a4d
摸底考,content,你们这个考试成绩能把邓布利多气成斯内普,69b3eca8000000002800bde2
摸底考,comment,回复：[呃R] 睡觉（睡AD会被煤气罐打死的吧）,69b3eca8000000002800bde2
摸底考,comment,回复：重新立一个就是了,69b3eca8000000002800bde2
摸底考,comment,回复：太好了是新的血盟,69b3eca8000000002800bde2
摸底考,comment,结婚证好看，当个装饰带不行吗,69b3eca8000000002800bde2
摸底考,comment,回复：那教授能不能再讲一遍，教授的脸太好看了结婚证也很明显我最后一道题没听进去,69b3eca8000000002800bde2
摸底考,comment,回复：明明是送命题，老师太坏了,69b3eca8000000002800bde2
摸底考,comment,真的够了,69b3eca8000000002800bde2
摸底考,comment,回复：谢谢教授那可以帮我加两分吗求求你啦求求你啦求求你啦（这是旅游的时候买的白雪之恋，送给教师希望教师天天开心）,69b3eca8000000002800bde2
摸底考,comment,如果我因摸底考不及格而被退学了，我就要改名为某某特，毕竟教授是不是偏爱这样的肄业生,69b3eca8000000002800bde2
摸底考,content,早上6:15的闹钟⏰ 做了早餐，泡杯咖啡☕️，开始今天的民刑摸底考试 对于这个考试的成绩，坦然接受，毕竟自己还没有认真开始做题，虽然课是听完了，但是也没有好好对次复盘 昨晚临睡前刷到好多考了70、80分的，也有30、40分的，其中有人说，是不是考这个成绩，可以直接放弃了，也有人说，其实这些都是往年的真题，如果做过了，记得住答案，那么正确率就高，对自己这次的成绩没有帮助,680451e4000000001e002e76
摸底考,comment,感谢鼓励，咱们一起加油努力,680451e4000000001e002e76
摸底考,comment,咱俩同命，昨天都崩溃了，晚上失眠,680451e4000000001e002e76
摸底考,comment,回复：学了那么久气的我周日一点书没看,680451e4000000001e002e76
摸底考,comment,模考都是题库里的甚至教材上的，有的都做过好多遍了，老孟微博的小模考才有参考价值，真的难,680451e4000000001e002e76
摸底考,comment,确实这版题在做的时候，我在民法上困惑很久～ 好难,680451e4000000001e002e76
摸底考,comment,我认真复习完了就这个成绩,680451e4000000001e002e76
摸底考,title,众合4月底的民刑摸底考这个分有过的希望吗,69ec4619000000001a0366f3
摸底考,comment,太有了，我去年4月模考51分都过了,69ec4619000000001a0366f3
摸底考,comment,模考没及格后期应该怎么准备啊,69ec4619000000001a0366f3
摸底考,comment,回复：就正常学，法考有赋分的，别太焦虑,69ec4619000000001a0366f3
摸底考,comment,回复：好的 谢谢啦,69ec4619000000001a0366f3
摸底考,comment,一样的分，年前学的民法现在都忘完了,69ec4619000000001a0366f3
摸底考,comment,回复：嗯嗯我现在也是，先完整看完视频然后一节节做题，看书确实能学到很多但是好难记啊,69ec4619000000001a0366f3
摸底考,comment,我也年前学的，几乎是忘完了，65也算满意了其实,69ec4619000000001a0366f3
摸底考,comment,法考客观题和平时真题差距大不大呀,69ec4619000000001a0366f3
摸底考,comment,回复：相差非常大呀平时做的题是比较简单直接的，最起码能够比较容易分辨出知识点,69ec4619000000001a0366f3
摸底考,comment,回复：我去好吓人 216真的够厉害了 我就怕平时做的研究很费劲 结果考试出那么难的题 然后还有一个疑问平时做的真题 和后期模考 模考的题不就是平时真题组一块的嘛,69ec4619000000001a0366f3
摸底考,comment,蹲一下，我民刑很早看完了，忘的都差不多了，70,69ec4619000000001a0366f3
摸底考,comment,错过了咋办,69ec4619000000001a0366f3
摸底考,comment,还有希望吗,69ec4619000000001a0366f3
摸底考,content,#新高考#一模#成绩 语文化学头一次考成这样真崩溃了,69cd441d000000002800998a
摸底考,comment,回复：好的，谢谢宝宝,69cd441d000000002800998a
摸底考,comment,回复：就差两分我不行了,69cd441d000000002800998a
摸底考,comment,求物理提分教程化学头一次考这么差有点崩溃了,69cd441d000000002800998a
摸底考,comment,好谢谢老师,69cd441d000000002800998a
摸底考,comment,这次也考差了好多不该错的都错了,69cd441d000000002800998a
摸底考,comment,学姐那准备二考的时候分给英语的时间怎么样呀，还有就是c，d阅读有没有什么方法做对呢，有时候每个单词都认识，但是做题就是做不对，选不出来,69bffece000000001b002dcb
摸底考,comment,（我也想去财大学会计🥺🥺）,69bffece000000001b002dcb
摸底考,comment,学姐我跟你应该是在一个高中 这次一考真的没发挥好 然后别的科也比较薄弱 然后现在就是感觉不知道怎么学 周围同学学习都很好 自己有点学不下去怎么办啊,69bffece000000001b002dcb
摸底考,comment,45吗我当时一考没考好，看平时不如我的人比我考得好我也很难受，但我就是不甘心，所以特别坚定的多学了三个月，最后考的比她们都要好如果你感觉最近状态不好可以先休整休整，我当时也是休息到出分之后才继续努力学的，而且高考是跟自己比不用管别人，只要自己在进步就行了,69bffece000000001b002dcb
摸底考,comment,回复：嗯嗯对 我就是天生会想很多的那种人 我出考场时还在想其他课要好好学（其他课确实很差 但周末就是学不进去 感觉过不了自己的砍,69bffece000000001b002dcb
摸底考,comment,回复：嗯嗯谢谢学姐 还有就是史地政高考的赋分跟平时区里或学校里赋分差别大吗,69bffece000000001b002dcb
摸底考,comment,回复：好的谢谢,69bffece000000001b002dcb
摸底考,content,刚出考场学生就联系了 rebeka，情绪非常不稳定，一方面极度紧张，另一方面也不知道该如何向家里交代,69df10f4000000001d018bdb
摸底考,content,沟通中能明显感受到学生非常容易紧张，因此重点并不只是“怎么说”，而是反复训练表达逻辑和应对节奏，形成条件反射，避免在正式 meeting 中因紧张失误,69df10f4000000001d018bdb
摸底考,content,民法只刷了100多题 感觉刷不完了😫😫😫😫 #法考学习打卡#法考#法考众合#模考,69e82d5a000000001f00230e
摸底考,comment,完蛋没报名还能考吗,69e82d5a000000001f00230e
摸底考,comment,下面的得分怎么看啊,69e82d5a000000001f00230e
摸底考,comment,回复：好的，谢谢，哈哈哈哈哈,69e82d5a000000001f00230e
摸底考,comment,回复：好的，谢谢姐妹,69e82d5a000000001f00230e
摸底考,content,大二慢悠悠准备怕过期，大四突击又怕来不及😭 有这个问题的同学这篇得看,6a290ded00000000060223dd
摸底考,content,每天学个2小时打基础没问题，寒暑假集中强化，不用慌着赶 ddl 而且容错率高，首考摸底后能慢慢刷分，目标 7.0 + 也有足够时间打磨 注意💥 雅思成绩只保 2 年，大二考的话要算好有效期，避免大四申请时过期 💢大四突击：被迫冲刺的 “风险局” 极限操作,6a290ded00000000060223dd
摸底考,content,👉只适合考研转留学、临时决定出国的应急情况，压力直接拉满up! 🌟过来人真心话 大二打基础（过四六级 + 刷真题摸题型），大三系统备考出分，成绩刚好衔接大四申请，不浪费也不赶趟～别信 “临时抱佛脚”，雅思真的需要长期积累呀,6a290ded00000000060223dd
摸底考,comment,11、麻烦了,6a04471b00000000380344c6
摸底考,comment,11、麻烦啦,6a04471b00000000380344c6
摸底考,comment,11 麻烦您啦,6a04471b00000000380344c6
摸底考,comment,11麻烦了,6a04471b00000000380344c6
摸底考,comment,11 麻烦了,6a04471b00000000380344c6
摸底考,comment,说是太像素描了,681ad20f00000000120059d6
摸底考,content,欢迎23，24.25级的同学来试听，感受～ 上一期基础班同学经过80课时的学习，现在好多都能考简单卷80➕了，期待大家在应届全程班更加优秀，不管什么难度都能冲90➕,6a000027000000003501d357
摸底考,comment,求，谢谢,69003af40000000007009f5f
摸底考,content,你刷到的那些“考了五六次还差0.5”的帖子，大概率不是你的剧本,6a2663af000000001503d226
摸底考,content,因为大部分人没告诉你： 卡住的，往往不是基础最差的，而是自己闷头学的,6a2663af000000001503d226
摸底考,content,你有预算为少考一次买单，那6.5真的不难,6a2663af000000001503d226
摸底考,content,你喜欢热闹还是独处,6a20c87e000000002103d11f
摸底考,content,你生气时会摔东西还是闷在心里,6a20c87e000000002103d11f
摸底考,content,喜欢独处不是错，精力旺盛也不是病,6a20c87e000000002103d11f
摸底考,content,有人担心“喜欢独处”显得不合群，硬选“喜欢热闹”,6a20c87e000000002103d11f
摸底考,content,有人怕“偶尔想骂人”显得暴躁，违心选“从不生气”,6a20c87e000000002103d11f
摸底考,content,他慌了，第二次刻意选了很多“喜欢社交”的选项,6a20c87e000000002103d11f
摸底考,content,他差点因为“装外向”而被淘汰,6a20c87e000000002103d11f
摸底考,content,· 练心态：习惯在399道长跑中保持真实，不因为题目奇怪而自我审查 · 练熟悉：知道题目长什么样，正式测评时不陌生、不紧张 · 练识别：看懂自己的报告，知道哪个维度偏高是性格、哪个是状态 不是练“选什么能过”，是练“怎么真实地做自己”,6a20c87e000000002103d11f
摸底考,content,🤯刷完外地套卷的娃越做越没底气，2026北京生地会考新课改首考，吃透北京本地生地会考模拟卷摸准北京出题形式，生物地理双科冲刺更顺畅,6a2398d20000000035031232
摸底考,content,【备考资料包】收录备考资料，包含分班考模拟、易错题、专项、押题卷等，持续收录，目前已累计上千个文件,6a0db306000000003700f42c
摸底考,comment,怎么购买啊,6a0db306000000003700f42c
摸底考,comment,我记得上赵老师基础班的课的时候老师还打趣，不像我们那个年代考合并报表还给个表格让我们填抵消金额，今天，合并报表大题就有这个抵消填空，哭都没地方哭,68a934ca000000001b0311cd
摸底考,comment,回复：上车见到我老公的时候哇哇大哭😭，边哭边骂肯定是你们事务所的同事出的题目,68a934ca000000001b0311cd
摸底考,comment,回复：编报表那个可太像事务所了,68a934ca000000001b0311cd
摸底考,comment,2、应付职工薪酬的长期待摊费用,68a934ca000000001b0311cd
摸底考,comment,4、收入个性化定制客户预付账款 如果客户违约仅需支付30%违约金 问是否满足时段履约的第三个条件,68a934ca000000001b0311cd
摸底考,comment,回复：太可怕了,68a934ca000000001b0311cd
摸底考,comment,回复：我也算的这个21.25 按照发生日那个汇率算了 12.31的汇率再没折算啥的 这个金额影响后面 后面做的心慌得,68a934ca000000001b0311cd
摸底考,comment,钱怎么办啊,68a934ca000000001b0311cd
摸底考,comment,彬 一个人如果连考两年会计都没过 是不是不适合考CPA,68a934ca000000001b0311cd
摸底考,comment,回复：没得关系，我今年第三年了，并且我不认为是我的问题，仅仅是缺了一点运气，两点都差点，今年考的时候就有点融会贯通了，就当做学习了,68a934ca000000001b0311cd
摸底考,comment,回复：谢谢🙏也祝您顺利通过,68a934ca000000001b0311cd
摸底考,comment,哈哈哈彬，我做大题的时候一边胡写一边微笑，人在无语的时候真的会笑,68a934ca000000001b0311cd
摸底考,comment,监考老师 还看我呢 以为我在笑什么，我在笑愚蠢的我自己呀,68a934ca000000001b0311cd
摸底考,comment,世另我我旁边那个男生，感觉他要炸了,68a934ca000000001b0311cd
摸底考,comment,回复：真是 反向购买直接现编 把合并那一套往上怼呀怼 气笑了,68a934ca000000001b0311cd
摸底考,comment,彬彬老师，我都感觉你被做局了我都要要阴谋论了，因为你实在讲太好了，然后中注协出题就专门出你讲的几率很低的题,68a934ca000000001b0311cd
摸底考,comment,不太记得了,68a934ca000000001b0311cd
摸底考,comment,我的妈呀物理界将迎来大变,69da18a4000000001a029c8e
摸底考,comment,窝趣这化学太强了,69da18a4000000001a029c8e
开学考,title,开学考的唯一作用就是徒增我在假期的焦虑,689f501f000000001c00661c
开学考,content,开学考 无语死了，真搞不懂开学考有什么用,689f501f000000001c00661c
开学考,content,愁死了，烦死了，焦虑死了，但是谁还愿意在新学期有拿着上学期的书去复习，然后又会发新书，没地方放不说，书都乱成一锅粥了,689f501f000000001c00661c
开学考,content,就是烦啊,689f501f000000001c00661c
开学考,content,#开学考#中学生精神状态#一到开学就#学生的命也是命#开学进入状态#考试精神状态#本来上学就烦#开学淡网淡更#开学我的精神状态#上学,689f501f000000001c00661c
开学考,comment,我要炸了,689f501f000000001c00661c
开学考,comment,我们前几天说的 明天开学 本高三生已经炸了,689f501f000000001c00661c
开学考,comment,回复：我的天 好惨 抱抱你,689f501f000000001c00661c
开学考,comment,回复：开学考真的 只会让我更焦虑,689f501f000000001c00661c
开学考,comment,真的好讨厌开学考,689f501f000000001c00661c
开学考,comment,新的学期依旧讨厌,689f501f000000001c00661c
开学考,comment,回复：英语作业全是中考题开学考也是英文我讨厌你,689f501f000000001c00661c
开学考,content,第18题重新考了二项式整除问题，把bn的2^n都拆成(3-1)^n的二项式，再把an里面的-1移到bn这边，求满足整除3的n有哪些即可,69a993b5000000001a0320ac
开学考,content,能读出黑板上的这个汉字吗 能解读那孩子的心情吗 我们就这样保持现状也没问题吗 究竟怎么做才好 已经怎样都无所谓了 一边听着lost one的号哭一边画的,68273d1a0000000012004b26
开学考,comment,唉这个真没办法，只要有人想买就有人会卖对认真学习的同学太不公平了,68273d1a0000000012004b26
开学考,comment,不太可能吧，感觉这种程度的考试200块的答案一定是假的，不要太慌张,68273d1a0000000012004b26
开学考,comment,回复：她不是有预览嘛 我看了 考完试之后也确实是原题 主要是真的太便宜了,68273d1a0000000012004b26
开学考,comment,回复：可以问问你是cie还是爱得斯吗，本来因为今年透题有缓解的,68273d1a0000000012004b26
开学考,comment,回复：爱德斯...我考前一个小时刷小红书无意间看到了物理所有的选择题答案哈哈哈哈666这下真的被资本做局了,68273d1a0000000012004b26
开学考,comment,我不太了解美国方向，怎么样才能uncon呀,68273d1a0000000012004b26
开学考,comment,回复：这么好，羡慕了,68273d1a0000000012004b26
开学考,comment,回复：对呀，最后a2分数不低于c等级就行如果考得太差比如d等级，学校会撤销offer（尽量还是考好一点比较稳，不过确实uncon）,68273d1a0000000012004b26
开学考,comment,今天的5.20我将在早八和历史度过一段快乐的时光,68273d1a0000000012004b26
开学考,comment,emm怎么不算呢，和亨八过,68273d1a0000000012004b26
开学考,comment,太有品了老师,68273d1a0000000012004b26
开学考,comment,好啊好啊支持支持😭😭😭😭,68273d1a0000000012004b26
开学考,comment,画的太好了老大可以保存吗,68273d1a0000000012004b26
开学考,comment,太好了是号哭,68273d1a0000000012004b26
开学考,comment,已经考了好几门了，感觉都考崩了崩溃了[完啦R][完啦R]老师画的太神了好符合我的精神状态[完啦R][完啦R][完啦R],68273d1a0000000012004b26
开学考,comment,同为alevel，感觉撞上大霉运了，本来一切都进行的很好总是会有一些出乎意料的东西阻拦我们[泪崩R],68273d1a0000000012004b26
开学考,comment,画的太神了,68273d1a0000000012004b26
开学考,content,想折回来又不想 觉得太麻烦,666adcc30000000006004293
开学考,comment,你们够了看看孩其他作品吧,666adcc30000000006004293
开学考,comment,妈呀你这帖子流量真好，快两年了，还经常有人给我24年的评论点赞,666adcc30000000006004293
开学考,comment,回复：我真不行了时隔两年又火了一次,666adcc30000000006004293
开学考,comment,回复：还差19个赞，就要9000了,666adcc30000000006004293
开学考,comment,找不到的，我中考都没烦,666adcc30000000006004293
开学考,comment,回复：我天摸摸都好难为人,666adcc30000000006004293
开学考,comment,回复：上海只能带六本书，其他资料都不行,666adcc30000000006004293
开学考,comment,回复：只让带书，夹条都不行问的还都是启示跟闭卷有什么区别,666adcc30000000006004293
开学考,comment,而且到考试了多少本书混在一起你来得及翻啊说开卷不行的你们是不是没有考过开卷,666adcc30000000006004293
开学考,comment,回复：既然是国家下来的政策那你们要骂就不能只骂开卷的人,666adcc30000000006004293
开学考,comment,不理解，开卷很简单吗为什么要羡慕,666adcc30000000006004293
开学考,comment,主要是不想背，关键是我们学校开卷和闭卷难度差不多，别的学校都没闭过卷，就我们学校事多，真的希望市联考，这样开卷啊,666adcc30000000006004293
开学考,comment,回复：这么高啊那也许是我们班不行吧,666adcc30000000006004293
开学考,comment,别吵了 互相理解一下我们开卷照样背 还整上高低贵贱了我真无语 不背知道知识点在哪吗 时间来得及吗,666adcc30000000006004293
开学考,comment,回复：辽宁的确实简单 而且大部分重点的全记在前面了 挺好找的 不掉钻,666adcc30000000006004293
开学考,comment,滚够了，一个两个都开卷，就我在死命背是吧,666adcc30000000006004293
开学考,comment,开卷也跟背差不多而且开卷的典型特征就是跨册，就不开卷一般来说答案都会分区块比较好顺着想，但是开卷的基本每道题都是开放题需要六本书一块找，非常恶心,666adcc30000000006004293
开学考,comment,回复 Sky.啊菲 ～ : 没错所以想历史学的好，写的轻松，总的来说，还是要靠背书＋课内外积累＋理解,666adcc30000000006004293
开学考,comment,开卷考难度很大而且初高中不衔接，将来有的是苦吃，开卷考到高中就等着哭好了别问，我是中考开卷的高中生,666adcc30000000006004293
开学考,comment,闭卷又不是不用看题 又不是不用分析了 这个东西考记忆力还考心理承受能力 遇到一个知识点你想不起来只能乱写点擦边的你就完了,666adcc30000000006004293
开学考,comment,最烦的应该是我们这中考开卷高考闭卷吧三年学都是开卷到了高中又得背，，,666adcc30000000006004293
开学考,comment,而且多写也给我扣分少写也给我扣分（一分不给我）气死我了,666adcc30000000006004293
开学考,content,快班学习压力较大，但大一下学期便可考四级（要求期末考试卷面成绩及格）,62e4d21a000000001200732c
开学考,content,入学考试内容偏四级题目，多高中词汇，不需要太紧张👻 注意❗❗英语听力和高中题型、语速、题目要求都不同，大学英语听力只读一遍，只有选项，没有题目，而且是读完文段最后说问题，这些与高中听力差别还是很大的😥,62e4d21a000000001200732c
开学考,comment,这个看运气 因为每个人抽到的题不一样,62e4d21a000000001200732c
开学考,comment,啊这 开学立马考吗,62e4d21a000000001200732c
开学考,comment,回复：好的谢谢,62e4d21a000000001200732c
开学考,comment,转专业真的很难吗,62e4d21a000000001200732c
开学考,title,对期末周占自习室玩手机的人无语了,685c0c47000000001d00f285
开学考,content,期末周本来位置就紧张还占着茅坑不拉屎（抽象主包遇到长对面这样的只会上去要vx） 虽然只要考两科但是期末周就是很煎熬很抽象要疯了天天就是颠倒黑白已经被咖啡调的不喝都能凌晨456点睡 清醒和昏迷就在一瞬间这学期要献血流出来的都是咖啡液天天当ddl战神考试前一个下午开始复习然后晚上也不睡考完才睡 一复习就发现自己最大的爱好是画画我画画画画画明天考完就能回家了好亢奋现在读不进去一点我要回家回家有爱就不怕 #抽象#期末周的精神状态#大学生期末周精神状态#考试周#大学生除了学习什么都干#期末周大学生精神状态#破碎的大学生#哄自己学习#我爱学习学习爱我#学不下去一点#人上学哪有不发疯的#大学生稳定精神状态时刻#宋亚轩#期末周#学习静不下心#大学生日常#期末周滚#期末周发疯#期末周吃什么#期末周#期末周破防#回家#发疯#发疯日常,685c0c47000000001d00f285
开学考,comment,三颗冰咖啡液减半但是我是重度嗜糖爱好者所以感觉没咋尝出焦糖味但是这款感觉很极端有些人觉得好难喝但是我喝三天了,685c0c47000000001d00f285
开学考,comment,没有这回事这个世界太抽象了,685c0c47000000001d00f285
开学考,comment,唉，这种还好，关键是那种谈恋爱的，明明不学习，还拿着几本破书来回晃悠，说话声音老大了，感觉就像整个自习室就他俩似的,685c0c47000000001d00f285
开学考,comment,我真的不行了 我还想着主包在图书馆遇到的这个长得怎么这么像宋亚轩,685c0c47000000001d00f285
开学考,comment,我昨天不敢at你,6979eab8000000002103cb1f
开学考,comment,回复：怕你接受不了,6979eab8000000002103cb1f
开学考,comment,回复：这多好谁不爱看美女,6979eab8000000002103cb1f
开学考,content,动作来源：（美男研究版） 是17岁陆赫扬和24岁陆赫扬夹心24岁许则 30份有美工版海报rzm（限粉）：RZF8PNG5ML 没想到光是草稿就这么多宝宝喜欢有点受宠若惊 私稿🚫all 偷图发现举报有奖 大家六一快乐呀^ ^ #欲言难止#草稿#稿件展示,6a1802b60000000008003dbf
开学考,comment,这张稿件因为个别限制原因以后大概是不会发rzm啦宝宝们 不过我约了新的稿件大家可以期待一下捏(´▽｀),6a1802b60000000008003dbf
开学考,comment,攻同一个人,6a1802b60000000008003dbf
开学考,comment,陆赫扬会不会吃得太好了,6a1802b60000000008003dbf
开学考,comment,谢谢宝宝们的喜欢呀 领到rzm的宝宝麻烦回复这条吱一声呀 下次有机会还会发的 六一快乐哦,6a1802b60000000008003dbf
开学考,comment,领到了谢谢宝宝,6a1802b60000000008003dbf
开学考,comment,领到啦 谢谢老师,6a1802b60000000008003dbf
开学考,comment,领到谢谢宝宝,6a1802b60000000008003dbf
开学考,comment,领到啦谢谢宝贝,6a1802b60000000008003dbf
开学考,comment,领到了谢谢老师,6a1802b60000000008003dbf
开学考,comment,谢谢您使用模板，但不允许有带有商业行为的使用哦,6a1802b60000000008003dbf
开学考,comment,回复：麻烦您限制一下份数哦，少数量的是可以的，大范围的涉及面太复杂了，暂时是不授权的哈,6a1802b60000000008003dbf
开学考,content,今年人大附，清华附的老师都挺偷懒[坏笑R] 清华附统练一用的就是这套人大附的开学考，啥时候成好朋友啦哈哈哈哈也没通知我呀#月考#真题#试卷#北京高考#高考英语#高考生#高考冲刺#人大附#学霸#学渣逆袭,68d41e5d000000001101d1f6
周测,content,高三生因为不想考周测考试正常吗,69742ba0000000002800aa83
周测,content,我们学校是寄宿制学校，每周都要周测，这周我感冒，嗓子疼，就请假回家了，是不是厌学的表现啊，我妈挺生气的，觉得我吃不了苦,69742ba0000000002800aa83
周测,comment,也不是吧，周考除了查缺补漏之外还能督促学生学习（要不是不想周考分数太难看我会拖着解决错题）,69742ba0000000002800aa83
周测,comment,回复：这是老师的视角吗，但是这个东西只是适用于一般的甚至成绩偏差的学生吧，稍微成绩中上的学生应该都有自己的学习方法，盲目地频繁考试只能让学生身心俱疲，更加不利于复习,69742ba0000000002800aa83
周测,comment,考到后面两科完全就烦了，脑子都不转了,69742ba0000000002800aa83
周测,comment,我住宿的时候好几个跳河跳楼的，有的救回来了有的没有，还有抑郁的休学的生病住院的,69742ba0000000002800aa83
周测,comment,我感觉你已经很棒了，之前能认识到自己的情绪，没有一味的压抑,69742ba0000000002800aa83
周测,comment,我觉得周测没意义 而且以前周测考不好回家就挨骂 后来我们学校周测改革了测完就讲题 分数就提高了,69742ba0000000002800aa83
周测,comment,生病了就回家调整一下呗 和厌不厌学的有啥直接关系 再说一句谁喜欢上学啊 该学的时候认真学就行了 但身体肯定更重要啊 毕竟都高三了,69742ba0000000002800aa83
周测,comment,我高三确实一身体难受就请假，之前的时候就很少请假，这次周测是一模之前的比较重要的一次考试，她觉得我太娇气了服了，我挺有负罪感的,69742ba0000000002800aa83
周测,comment,回复：我觉得可以理解 高三确实很累 请假回家全当休息一下了 但你不能产生依赖性和惰性 如果不是什么大问题 只是小生病的话或许可以试试吃点药啥的 因为一回家再回学校确实需要很长时间才能再调整到学习状态,69742ba0000000002800aa83
周测,content,太激动了 感觉综推就是不难但是不熟练 明显做题速度慢 但是正确率会比其他高 大家做了这个卷子的感想如何,6a1d8119000000003603195d
周测,content,我真的绝望了，我真的考得了吗，连续三次都不行了#海绵周测#管综数学#管综199,69f6af2b0000000035021b9e
周测,comment,11月大模考数学错15个，不妨碍我上岸别焦虑,69f6af2b0000000035021b9e
周测,comment,数学这几次周测都是55 我的天,69f6af2b0000000035021b9e
周测,comment,回复：我还有过30呢别怕，现在开始你把知识点公式啥的背熟，市面上的练习册刷了，两三天复盘一下错题,69f6af2b0000000035021b9e
周测,comment,回复：把海绵手头上的资料好好利用，要搞明白题目的考点知识点 做题方法的对应关系,69f6af2b0000000035021b9e
周测,comment,我前几场都是逻辑还行，数学拉完了,69f6af2b0000000035021b9e
周测,comment,回复：数学拉完了+1,69f6af2b0000000035021b9e
周测,comment,回复：我记得我当时有个大姐，40来岁，数学纯蒙，对不到5题，后来她照样考了人大，加油,69f6af2b0000000035021b9e
周测,comment,我感觉这回数学题坑太多了，一跳一个坑,69f6af2b0000000035021b9e
周测,comment,我只学了两章，亲测学的快没用，得会写题（可能我会猜五一那个的一点没学直接考，65,69f6af2b0000000035021b9e
周测,comment,[笑哭了R],6a100c16000000000702260e
周测,comment,周测就跟海绵完全够了（,6a100c16000000000702260e
周测,content,求问大神 28题：题干说抗氧化剂可以清除自由基达到保护细胞受损的目的，C选项说自由基完全清除不利于健康不就说明抗氧化剂没用了吗,68ff154b0000000005033570
周测,comment,此外自由基被完全清除并不代表抗氧化剂没用，甚至可以证明抗氧化剂确实能清除自由基,68ff154b0000000005033570
周测,comment,31做深呼吸冥想不代表无压力，而且整句话没提到压力,68ff154b0000000005033570
周测,title,基础学成这个鬼样子考92还有希望吗😭,6a2527b1000000002202116a
周测,content,感谢焕哥，超哥手下留情[泪崩R][泪崩R][泪崩R],68f459b70000000005010e46
周测,comment,我总是耗时久了思路就不确定，就越做不出来，还有数学我想问一下你的学习方法，我的数学不是很扎实你的专题是怎么学习复盘的啊，谢谢劳斯,68f459b70000000005010e46
周测,comment,数学我也比较差，最重要的就是把握真题啦,68f459b70000000005010e46
周测,comment,太感谢老师了非常有帮助,68f459b70000000005010e46
周测,comment,回复：这题你不知道人数具体比值，尽量用2和4的思路,68f459b70000000005010e46
周测,comment,回复：2的思想 女生人数少了，女生占比少了，男生占比多了,68f459b70000000005010e46
周测,comment,综推分类假设咋办，怎么提速啊,68f459b70000000005010e46
周测,comment,回复：谢谢谢谢,68f459b70000000005010e46
周测,comment,这边说艺术系不能都在一起，正面分类比较麻烦，考虑反面求解 总的情况数，剩余6个人分给2单位，C63C33/2,68f459b70000000005010e46
周测,comment,回复：用大反面也太麻烦了，还不如直接从正面算了,68f459b70000000005010e46
周测,comment,回复：谢谢姐妹,68f459b70000000005010e46
周测,comment,回复：太有用了，谢谢,68f459b70000000005010e46
周测,comment,回复：请问有考虑奇偶性吗，我就是系数大的开始算的，觉得有点麻烦,68f459b70000000005010e46
周测,comment,回复：没有QWQ，笨办法,68f459b70000000005010e46
周测,comment,回复：好的好的，谢谢老师，您这么一说我就明白了，自己做的时候没有打印卷子，然后30分钟和15分钟提醒一下，就让自己很焦虑，以至于做的时候没有认真思考,68f459b70000000005010e46
周测,comment,那么第一题答案不能为A，是B，此时满足两个B了，所以第二题，第四题都不能是B,68f459b70000000005010e46
周测,comment,冰美式老师请问论证逻辑要怎么学呀 每次都会错好多论证的题目,68f459b70000000005010e46
周测,comment,谢谢冰美式老师,68f459b70000000005010e46
周测,comment,回复：好喔，谢谢,68f459b70000000005010e46
周测,comment,15题用分组公式怎么想的呀,68f459b70000000005010e46
周测,comment,回复：妙啊，我没想到可以单独先把外语系的排好，再反面，谢谢啦,68f459b70000000005010e46
周测,comment,冰美式老师，可以问问20题思路吗[超喜欢R][超喜欢R][超喜欢R],68f459b70000000005010e46
周测,comment,20题最方便的思路就是找反例啦 其次就是用三角不等式的取等条件，思路和hc最近发的给哥做俩题差不多的 ℓa+bℓ＝ℓℓaℓ-ℓbℓℓ（ab≤0时），由于条件2没有绝对值，当a的绝对值小于b的时候，无法取等,68f459b70000000005010e46
周测,comment,谢谢冰美式老师,68f459b70000000005010e46
周测,comment,冰老师好牛啊谁懂一开始论证正确率很高，现在逻辑错的都是论证，我都不知道该怎么办了,68f459b70000000005010e46
周测,comment,回复：谢谢冰老师,68f459b70000000005010e46
周测,comment,回复：好哒谢谢～,68f459b70000000005010e46
周测,comment,回复：谢谢老师抽时间回我的评论祝我们顺利上岸,68f459b70000000005010e46
周测,comment,冰美式老师这次论证逻辑你觉得难度如何啊错了6个逻辑5个都是论证我真是要疯了,68f459b70000000005010e46
周测,comment,回复：好哒谢谢,68f459b70000000005010e46
周测,comment,运气比较好,68f459b70000000005010e46
周测,content,比高三更令人害怕的是高三的周测,68d017510000000012014600
周测,comment,不交卷 0压力 自己搞自己,68d017510000000012014600
周测,comment,不交卷会被骂死,68d017510000000012014600
周测,comment,高三了学校不敢惹的,68d017510000000012014600
周测,comment,我当时也不交，因为测试太频繁了老师根本不在意谁没交也在意不过来,68d017510000000012014600
周测,comment,回复：点了 别总给自己太大压力 觉得周测写的很崩溃就不交了,68d017510000000012014600
周测,comment,回复：高三我经常不交周测怕什么考试的时候就写作业看书就得了,68d017510000000012014600
周测,comment,每次考差的时候都要难受好一阵子,68d017510000000012014600
周测,comment,回复：其实根本没时间消化情绪，刚拿到成绩想哭发现作业写不完了，实在忍不住我就一边哭一边继续写然后求求自己别哭了,68d017510000000012014600
周测,comment,回复：每周都要考语数英物化生，考不好的概率真的很大很大啊我快崩溃了考试无非就这两个结果,68d017510000000012014600
周测,comment,很无奈，很多这种考试任务都是学校里布置下来的，老师没有权力决定不考,68d017510000000012014600
周测,comment,回复：行吧像我这种基础差的只能自己补,68d017510000000012014600
周测,comment,回复：太好或者太差的都只能靠自己，甚至有时候中等生也要自学一部分，因为老师只能考虑到整体,68d017510000000012014600
周测,comment,本来就这样 要不然复习不完了 目的就是为了保持手感然后让学生自己下去研究,68d017510000000012014600
周测,comment,考习惯了就好，周考就是麻木对成绩的期待,68d017510000000012014600
周测,comment,真的每次周考都倒数，考啥都是，每次看成绩都从下往上看甚至不敢看,68d017510000000012014600
周测,comment,我已经对数学周练麻木了，从高二开始的害怕恐慌到现在的麻木无所谓，分数毫无波动,68d017510000000012014600
周测,comment,周测其实很水的，我们学校高三的时候就按平常座位考试，想抄的时候抄，不想抄的时候就自己认真写，出了分其实也没人在意，因为紧接着又要考,68d017510000000012014600
周测,comment,差不多我们数学物理周测也这样,68d017510000000012014600
周测,comment,我现在就是这种偷摸看了同桌几眼直接进步二十多名咋办,68d017510000000012014600
周测,comment,一周四场明明课时赶的不行结果还要每周占四节课考试,68d017510000000012014600
周测,comment,回复：你们还好，我们还有周末假期,68d017510000000012014600
周测,comment,我也有周测一天考完六门超级累但是感觉可以不要把周测看得那么重要，赋予那么多额外意义,68d017510000000012014600
周测,comment,回复：我们也是，我感觉没用,68d017510000000012014600
周测,comment,对周测，我服了，天天考试 我要死了，我不想考了,68d017510000000012014600
周测,comment,我不想上学了这哪是在上学啊……每天熬成晚上一点，第二天又没有精神，上课也上不好，然后又是一堆作业，恶性循环,68d017510000000012014600
周测,comment,每次抬头看见满满一黑板的九科作业就感觉自己要垮了，偏偏父母觉得这是应该的，还不能没有情绪，我都只能在深夜他们睡着了之后偷偷哭，每天都是绝望,68d017510000000012014600
周测,comment,有周测又有月考的真的炸了每天都在考在焦虑 十月八号又要大型联考了还什么都没背好焦虑但是就是每天没有多的时间背书,68d017510000000012014600
周测,comment,天呐，还有真题分类!必刷题我要爱上你了!,691963ff000000000d03abba
周测,comment,回复：不客气呢,6a24d532000000003600056e
周测,content,真想骂人,6a139dfd0000000036030402
周测,content,感觉想死,6a139dfd0000000036030402
周测,comment,谢谢好人，感觉累死算了，爆炸了，崩溃了，这啥时候是个头,6a139dfd0000000036030402
摸底考,content,想看看大家摸底考和高考成绩的反差#高三#高三开学考摸底考试#高考生,66ca09bc000000001d0179b9
摸底考,comment,回复：确实还可以惹就是比三模低太多意难平，但抛开分数看排名还是差了不少,66ca09bc000000001d0179b9
摸底考,comment,回复：确实是有这样的因素在里面，但校排换算省排还是跌了将近4k名，或许是考前太过相信高考一定比模考高的论调了，最后看到分数时还是挺难过的,66ca09bc000000001d0179b9
摸底考,comment,太支持了，看多了以为自己真的能超常发挥,66ca09bc000000001d0179b9
摸底考,comment,回复：小姐姐，语文该怎么学啊，我们老师上课老讲一些莫名其妙的东西，对老师完全没帮助，开学高二了,66ca09bc000000001d0179b9
摸底考,comment,回复：好哦谢谢,66ca09bc000000001d0179b9
摸底考,comment,回复：不客气啦,66ca09bc000000001d0179b9
摸底考,comment,你平常在伪装学渣吗,66ca09bc000000001d0179b9
摸底考,comment,回复：因为平时考的差，高考考的好的案例真的很少很少，你能看到的就是全部了，你别忘了，全国几千万考生呢,66ca09bc000000001d0179b9
摸底考,comment,好厉害生物是怎么学的呀,66ca09bc000000001d0179b9
摸底考,comment,回复：平时积累作文素材（我写满了一个小本）然后考试前看错的主观题题和答案去弥补思维漏洞,66ca09bc000000001d0179b9
摸底考,comment,真的假的太神奇了吧,66ca09bc000000001d0179b9
摸底考,comment,我们学校都考了九模了，开学那会原始还能考五百一，现在原始分只能四百多，我快焦虑死了,66ca09bc000000001d0179b9
摸底考,comment,回复：首先就是要在每次考试中找到自己的薄弱点，然后再专门练薄弱的板块，可以像我一样每次考完都做一下总结和分析，语文英语这两门我基本上都是主抓作文的，语文作文我建议就是自己多抄一下优秀范文，不是简单的摘抄而是边摘抄边思考这个作文的论证结构以及它的论证语言和逻辑，自己在写作文的时候要下意识向优秀作文靠近，差不多一周一篇就好啦（慢慢摘抄因为要思考）英语续写就是多积累可以分类积累（比如分情绪类动作类 情绪类中又分开心伤心这些 动作类又分手脚眼这些）然后在写的时候在心里先想中文在用英文翻译写下去,66ca09bc000000001d0179b9
摸底考,comment,回复：好的谢谢宝宝,66ca09bc000000001d0179b9
摸底考,comment,回复：英语基础，很重要我高二英语70，不喜欢背单词，高三天天背单词，不用专门买书，就买一个笔记本记录试卷上不会的单词，一天一份试卷上的单词，最后高三120都考过但是英语基础太差了，所以作文老是个位数，120在往上不可能了,66ca09bc000000001d0179b9
摸底考,comment,回复：语文最快最好的方法就是听老师讲课，我高考语文125就是听老师上课积累的,66ca09bc000000001d0179b9
摸底考,comment,如果按排名大概换算的话（纯看分完全没用啦 不同考试都不一样的）高三最好650+最差600+ 高考640,66ca09bc000000001d0179b9
摸底考,comment,模考没过过580最低一次刚出五百高中三年有考过四百多基本每次考试稳定在五百二到五百四，越到高三越松驰也没怎么学过，感觉高考就那样了考个五百出头就是正常水平了高考那天晚上熬夜到两点也没发挥好感到这辈子完了,66ca09bc000000001d0179b9
摸底考,comment,回复：好的，谢谢,69e7564a000000002301fa64
摸底考,comment,） : 原来如此 谢谢宝宝,69e7564a000000002301fa64
摸底考,comment,刑法还差一点学完，要报名吗,69e7564a000000002301fa64
摸底考,comment,太厉害了，我学了两个月50多一周后省考,69ad28cc00000000230385f0
摸底考,content,真心感慨进步太快了 入学的时候不是纯小白，是有一点点基础，但画得巨烂的那种,6a1da75f0000000035028b05
摸底考,content,现在能根据模特的五官、气质定制专属妆面 精准找准腮红位置、拿捏眉包眼的正确形态 清楚每种风格妆容的重点，懂得哪里提亮、哪里修饰 终于不再瞎画了,6a1da75f0000000035028b05
摸底考,content,每一步都有思路、有章法💄 最治愈的是不止我一个人在蜕变 全班小伙伴进步都超级大 大家一起打磨技术、共同进阶，氛围真的超好,6a1da75f0000000035028b05
摸底考,comment,谢谢瑶瑶老师🫶,6a1da75f0000000035028b05
一模,title,海淀一模535考崩溃了，高考能去北工大吗,6801263e000000001d02029c
一模,content,海淀一模考的太差了,6801263e000000001d02029c
一模,comment,回复：但是我不想学这个我报错了,6801263e000000001d02029c
一模,comment,回复：是滴，但是不想躺平的话可以考研，跟卫健委商量就行,6801263e000000001d02029c
一模,comment,回复：如果感兴趣的话其实还可以，每个区的分差的还挺多的,6801263e000000001d02029c
一模,comment,回复：嗯相信奇迹相信孩子，只要努力了就不后悔，不要过度关注孩子分数关注孩子心情比啥都关键，亲身体会孩子高考期间压力很大的晚上会失眠，注意调理孩子心情放松一下心情比啥都关键，不出京600和620区别不是很大就那几个学校只是专业的问题,6801263e000000001d02029c
一模,comment,回复：最后多少分，我家今年差不多570左右一模,6801263e000000001d02029c
一模,comment,去年602北工大能进，但选不到好的专业的，好专业理工科类要615才差不多，今年不知怎样了,6801263e000000001d02029c
一模,comment,差的有点多，我儿子一模二模都620分以上了 才上了北工大,6801263e000000001d02029c
一模,comment,（我是26届高三的，最近在考海淀一模，焦虑的很,6801263e000000001d02029c
一模,comment,回复：海淀的话希望很大呀，坚定自信～,6801263e000000001d02029c
一模,comment,你是我见到的一模和最后高考差距最大的,6801263e000000001d02029c
一模,comment,回复：一模数学卡题（好像是立体几何笑了:)，考贼低，后面心态炸了（一模纯失误，平时大概630左右吧）,6801263e000000001d02029c
一模,comment,回复：我考完了，我真的上六百了😭,6801263e000000001d02029c
一模,comment,又是一年高考季，㊗所有现在看到此帖的高三学生们金榜题名，答应我不到最后一刻，绝不放弃，好吗,6801263e000000001d02029c
一模,comment,我儿子去年西城一模530，二模更差，我都觉得没希望了，但是他高考考上北工大了,6801263e000000001d02029c
一模,comment,回复：总分不稳定且学科不均衡，单科好的有的能排年级前几，差的语文从来没及格过,6801263e000000001d02029c
一模,comment,回复：我家是英语和数学差，真是的，小三科都90来分，三个主科一科不如一个，愁死了,6801263e000000001d02029c
一模,comment,高考比一模差不多能高60分左右,6801263e000000001d02029c
一模,comment,真的吗真开心,6801263e000000001d02029c
一模,comment,请问一模排名跟高考排名差多少呢,6801263e000000001d02029c
一模,comment,回复：每年的可选专业不一样，去年的话就等着“考完了才发现物化捆绑”,6801263e000000001d02029c
一模,comment,跟首经贸还差点呢吧,6801263e000000001d02029c
一模,comment,回复：这也太厉害了姐姐可以再具体说说吗,6801263e000000001d02029c
一模,comment,回复：谢谢姐姐,6801263e000000001d02029c
一模,content,第10题以脑筋急转弯收尾，如果不易察觉规律不要投入过多时间,69e454a0000000001a029033
一模,content,二轮复习要避免盲目刷题，复习过程回归基础，练好基本功，常规题型解法没有盲区，计算功底锻炼扎实，注意分配好难题和常规题的复习时间，常规题型多回顾总结，完全吃透最为重要,69e454a0000000001a029033
一模,comment,"题意是：对任意的a_r，存在i_1,...,i_m项（m≥1）...意思就是a_r是数列A中任意一项，并且每个a_r后续条件都要满足",69e454a0000000001a029033
一模,comment,谢谢老师呀,69e454a0000000001a029033
一模,comment,回复：谢谢哈，这玩意跟遗传半点关系没有，我娃子还小，远不及我和夫人同龄的水平，不过佛系了,69e454a0000000001a029033
一模,comment,回复：俺07年考高那会儿空间向量都是在天涯论坛找帖子自学的老师都不教 自己钻研了半个月会了 毕竟那会儿求二面角太难了根本不会 只能走捷径 哈哈哈哈,69e454a0000000001a029033
一模,comment,回复：高手高手,69e454a0000000001a029033
一模,comment,我觉得单独讨论更麻烦不如设正斜,69e454a0000000001a029033
一模,comment,回复：谢谢老师,69e454a0000000001a029033
一模,comment,第10题真的好难啊，知道自己没有能力，但还是想要那4分怎么办,69e454a0000000001a029033
一模,comment,祝你有个好运气[棒R]优先把时间留给好拿分的题目哈,69e454a0000000001a029033
一模,comment,19题k=0满足题意,69e454a0000000001a029033
一模,comment,感谢指出，已更正,69e454a0000000001a029033
一模,content,东城初三一模考的最晚，区排也是千呼万唤，终于有了网传版，xhs上的初三一模成绩，每个都那么牛，下面评论，很多还是补课机构推荐，各个学校开始开放日，家长打电话咨询，有的学校还把签本校的照片在学校各种宣传 一个普娃的家长，焦虑一定的，可是这种焦虑从哪儿来,6a093579000000000603603d
一模,content,一个整体的声音就是现在的制度，可以这么说，现在的北京的娃，再怎么压力大，中考录取率也都有百分之八十以上了，回想我们当年全市就两所高中，上万考生，录取率不到百分之七八，似乎也没有这么全民焦虑,6a093579000000000603603d
一模,content,难道不是信息太多了，机构太多了，自媒体宣传太多了,6a093579000000000603603d
一模,content,#一模#中考 一模考完，学校踏踏实实给个排名怎么就不行了,6a093579000000000603603d
一模,content,就给孩子压力了,6a093579000000000603603d
一模,content,太难了 引用的图片来自网络，不对的话可以随时删除#初三陪读 一个初三普娃家长心真的很累,6a093579000000000603603d
一模,comment,看到这些帖子，不知是否可信，太焦虑了,6a093579000000000603603d
一模,comment,对啊，有时候反而官方越不说，越让家长去网上看，机构一说，就更焦虑了,6a093579000000000603603d
一模,comment,回复：网上的信息，不可太信，而且还会制造焦虑,6a093579000000000603603d
一模,comment,回复：孩子们压力太大了，家长也不易,6a093579000000000603603d
一模,comment,啥也别说了 我弟区排5399 我当年是跨区考到了rdfz 不明白不理解为什么差距就这么大 给我愁的两天没睡好觉,6a093579000000000603603d
一模,comment,回复：学习真的有天赋一说，不是努力就能行的，只要开心就行，现在孩子的抑郁症的太多了,6a093579000000000603603d
一模,comment,又不想把焦虑传递给孩子，太难了,6a093579000000000603603d
一模,comment,初二家长已开始焦虑😟,6a093579000000000603603d
一模,comment,独思是哲坛的独行，是认识论中心灵的救赎和呐喊，求自我求独立要理性，是真理早春伸进暮冬的倔强枝桠 愚昧像悲伤没有尽头，相信独思的震耳欲聋终会刺穿认知的缄默无声，因为它自主它独立它理性,6a093579000000000603603d
一模,comment,独思是认知论中勇敢向春的个体主义，不惧荒芜甘愿以真理之名献祭心中苦春,6a093579000000000603603d
一模,comment,万马齐喑，龚自珍勇敢独思吟出我劝天公重抖擞，不拘一格降人才的绝唱，因思晚清诗坛暮春他独占一半 独思是旧我的坍圮，共思是群象的重建,6a093579000000000603603d
一模,content,我从一脸懵的看完语文作文再到一脸懵到看完化学离子置换器 泛一阵恶心才第一天就这样之后怎么办 痛苦地考完第二天 一早上发现政治的行为性质和责任都没有写全 当时考英语的时候哇哇大哭太想吐了 我也不是什么天才学霸心态很差 妈的他们考得好的为什么要在我面前显摆 为什么只有自己像个弱智一样浪费地球资源 对不起老师对不起家人 才初三我就这样 中考怎么办 高考怎么办 我的人生怎么办,69edc8000000000022026c9a
一模,comment,上学期期末擦边700出头一丢丢 一模我这个成绩真的能上高中吗好恶心 我又要哭了,69edc8000000000022026c9a
一模,comment,我跟你好像 [泪崩R],69edc8000000000022026c9a
一模,comment,：现实中谁不想急头白脸的在坡度为0.12和0.06的车库入口里给瓶插浇点84消毒液，再在悬崖峭壁捡垃圾，再欣赏一下青铜gou diao然后用离子交换器交换一下，再用四氟化氮气体作绝缘体来控制保护文物，再瞧他们一下象群的迁徙，再一边汲取榜样的力量一边从南门向右转走到图书馆，在博物馆门口放一面镜子照大象，再让迷路的 Ben 被我没拴好的狗咬死，最后再在1914-1917年的五一劳动节，利用古人的智慧听着《嘉禾望岗》在永庆坊下点宋朝和西夏的银象棋呢,69edc8000000000022026c9a
一模,comment,连上11天也没有调休 我求求你们不要打击我了我只是个脆弱的外星人 我真的会气急败坏拉黑人的,69edc8000000000022026c9a
一模,comment,我一直在哭,69edc8000000000022026c9a
一模,comment,ㅠㅠ太难过了我都已经摆烂了 就这么苦等四天放五一假浑浑噩噩熬到中考,69edc8000000000022026c9a
一模,title,你想要的初三道法一模满分攻略，不看后悔,6a2a67100000000035028680
一模,comment,回复：已申请，谢谢,6a2a67100000000035028680
一模,content,手拉手🤝也出现了很多次 同时根据我学生们的情况，大致分了个级，可能对于每个人感觉不一样哈，欢迎分享你认为的等级 🌟夯：石景山 🆙顶级：西城 🤸‍♀️人上人：海淀、丰台、房山、昌平、平谷 🥷NPC：朝阳、顺义、通州、燕山 👀拉完了：大兴 #北京中考数学#几综#解析#思路打开#一模,69f20cc3000000002202b20c
一模,comment,朝阳的几综直接拉完了,69f20cc3000000002202b20c
一模,comment,凭什么顺义能npc啊太高了,69f20cc3000000002202b20c
一模,comment,UP太棒了,69f20cc3000000002202b20c
一模,comment,你评的等级太认可了,69f20cc3000000002202b20c
二模,content,我一个人独立拉💩的时候，需要和他人一起💩吗,69de084300000000230135b7
二模,content,——在考场上一起写这篇作文belike 有时很庆幸自己不是真的老师不用硬着头皮讲所有作文题目 为毕业论文焦头烂额使人语言激进，但就这样吧反正最近🍠也不给我推流 — 二编：情绪性强的话题被狠狠推流了，思来想去把下面挂的作文资料删了，不然总引发别的争论，无所谓大家怎么想我，我一直都在讲作文，帖子火了当然也想借机会给自己涨涨热度，让大家看看我前面讲过的一些好作文题目和相关解读，但我不希望引发一场嘲讽“上海式思辨”的狂欢（尽管现在的许多模拟卷命题的确有问题） 评论区出现了很多对这个命题的讨论，把这个主题解读为探讨“独立思考”与“和他人一同思考”的辩证关系，我想这或许是命题人的本意，我并不认为这个话题选得很差，我始终批评的都是出题表达上的歧义及其带来的困惑,69de084300000000230135b7
二模,content,- 三编：高赞抽象文案是我复制的，我是想说这个作文的逻辑就像这个文案一样抽象，文案是网友的智慧不是我原创的😭大家不要误解 #虹口二模,69de084300000000230135b7
二模,comment,我特么不行了,69de084300000000230135b7
二模,comment,多弊is free我笑不行了,69de084300000000230135b7
二模,comment,同时，考生也不应随意穿着看上去高大上的礼服，好让评委对自己留下更好的印象，更本质的比较标准仍应该是表演本身,69de084300000000230135b7
二模,comment,我不行了中议中,69de084300000000230135b7
二模,comment,ip地每次写隐喻类漫画类甚至会固定死一个方向，我们老师是只会按那个升华和思考方向去理解批改，讲作文的时候都将揣测出题人意图作为一种审题的必要步骤非常讨厌这样的作文模式，解读非常看运气,69de084300000000230135b7
二模,comment,这个感觉有点太难了,69de084300000000230135b7
二模,comment,所以其实回应了作文题目，一个人思考，既需要独自深耕，也需要他人的参与，二者是辩证统一的,69de084300000000230135b7
二模,comment,就是想要谈论的独立思考到底是指物理意义上的“我独自思考”还是指“有自己独到的思维，不受他人的制约”，从学生的角度看怎么都不会想到前者吧，不然对于“题目”来说有点太抽象了,69de084300000000230135b7
二模,comment,这应该是出题人希望看到的立意了，但如果真去严格地从语义上分析，偷换概念了，把共时的二者间的矛盾偷换成历时二者间的互补兼顾过程,69de084300000000230135b7
二模,comment,这个题目相比起一些真正的抽象论文已经好很多，只要有一些关于这个问题的前积累就行了,69de084300000000230135b7
二模,comment,当然高中生不一定有这样的积累，但这个问题比什么时间此在都好理解多了,69de084300000000230135b7
二模,comment,我觉得重点在辨明独立思考中“独立”的内涵，独立是物理意义上的一个人，还是指的是独立人格,69de084300000000230135b7
二模,comment,上海的作文题就喜欢这样（都说了作文题越短越难写）,69de084300000000230135b7
二模,content,550🥰希望一直保持,69e37602000000002301e11d
二模,comment,还好当时顶住压力复读了，不知道为什么当时那么多人骂她,69e37602000000002301e11d
二模,comment,因为她复读的时候也还在更新➕谈恋爱,69e37602000000002301e11d
二模,comment,我不太了解，台湾的总分是不是不一样,69e37602000000002301e11d
二模,comment,别慌哦 加油我相信你可以考到理想大学哒,69e37602000000002301e11d
二模,comment,好快啊这就过去了,69e37602000000002301e11d
二模,comment,回复：好的，谢谢,69e37602000000002301e11d
二模,comment,回复：好的谢谢,69e37602000000002301e11d
二模,comment,好意外听别人说好像是2妈 图一的阿迪让我嫉妒…,69e37602000000002301e11d
二模,comment,回复：同担太有实力了呜好羡慕,69e37602000000002301e11d
二模,comment,太牛了...,69e37602000000002301e11d
二模,comment,收到，谢谢学长,6a199eff0000000006020d50
二模,comment,物理要理解模型和思考一步步推理得到的过程， 但我目前高二成绩上限580 害怕时间不够这样一点点探索，而且实现这些基本要用很长时间手机，白天都在学校，对我来说有点难，也不知道这种方法是否对我这种层次的来说有效,6a199eff0000000006020d50
二模,comment,学长你对这怎么看呢,6a199eff0000000006020d50
二模,comment,同时，刷题量要怎么安排呢,6a199eff0000000006020d50
二模,comment,我不是你IP地的考生所以不太了解你们当地的考情（）我就按自己的理解来说了,6a199eff0000000006020d50
二模,comment,回复：不用翻译写题我做不到,6a199eff0000000006020d50
二模,comment,回复：嗯嗯好谢谢学长,6a199eff0000000006020d50
二模,comment,关于总分的话，不用特别焦虑你们应该很快就进高三一轮复习了，把握这个机会去好好查缺补漏，去抓稳基础题和一些简单的中档题，这样成绩还会有大幅度的提升,6a199eff0000000006020d50
二模,comment,学长想问下现在数学还能怎么往前蠕动一下目前大概在一百一十分的水平，感觉现在看导数椭圆大题没什么用了（从始至终就没做出来过几道），然后感觉选填出的太灵活了，有看的必要吗,6a199eff0000000006020d50
二模,comment,现在能做的只有反复提醒自己高考遇到不会的题不要紧张也不要死磕了，还有你做往年真题的选填也会觉得难吗,6a199eff0000000006020d50
二模,comment,回复：从21到24的选择8，9，10和填空14题都能做出来，结果被25年卷子拷打了，整得我有点害怕,6a199eff0000000006020d50
二模,comment,椭圆能做尽量做，导数第三问直接放弃就行了,6a199eff0000000006020d50
二模,comment,谢谢学姐,6a199eff0000000006020d50
二模,comment,回复：哦哦那也确实 好的谢谢,6a199eff0000000006020d50
二模,comment,回复：okok谢谢,6a199eff0000000006020d50
二模,comment,回复：如果基础不太差，这时候做什么都已经无所谓了，能保持好心态最重要,6a199eff0000000006020d50
二模,comment,坏了，数学高考完了才看到（）感觉没思路的话，只能构造函数求个导来骗一两分吧,6a199eff0000000006020d50
二模,comment,回复：好呀好呀，非常感谢《~,6a199eff0000000006020d50
二模,comment,学姐我现在高一，英语80～100左右徘徊，高考想考125左右除了把3500背了还需要干啥😭,6a199eff0000000006020d50
二模,comment,完形填空还有阅读基础题多练练哦，这些保证不错也差不多125,6a199eff0000000006020d50
二模,comment,回复：好的谢谢宝宝,6a199eff0000000006020d50
二模,comment,妈呀数学好厉害想问问选填怎么提高正确率每次一遇到不会的就特别慌然后剩下的也做不好,6a199eff0000000006020d50
二模,comment,我觉得就是遇到不会的，千万不要慌，去想着自己万一做不出来就会怎样，如果已经消耗一些时间还是没思路就赶紧先跳过，去做自己会的能拿到分的题，反正高考最后看的总分嘛,6a199eff0000000006020d50
二模,comment,想问一下数学物理是怎么提升的呢，理科比较差，接辅导吗,6a199eff0000000006020d50
二模,content,语文考完有1.4了，病句没找出第二个，作文选题目二同行过程写少了，其他不敢对答案…… 二编：就这样吧,6a150a3d0000000035029a23
二模,comment,回复：咋一帮人选c我害怕了,6a150a3d0000000035029a23
二模,comment,回复：是那个一四还是二四吗，我也害怕了，怎么分歧这么大,6a150a3d0000000035029a23
二模,comment,我就选了一个3救命了,6a150a3d0000000035029a23
二模,comment,考完数学真想哭了,6a150a3d0000000035029a23
二模,comment,这个数学真是流着泪做完的,6a150a3d0000000035029a23
二模,comment,我要疯了,6a150a3d0000000035029a23
二模,comment,怎么办啊啊啊啊啊啊啊,6a150a3d0000000035029a23
二模,comment,回复：我要被气死了，我没看到是单位我就选的c,6a150a3d0000000035029a23
二模,comment,我真怕我是伪证,6a150a3d0000000035029a23
二模,comment,做到几综只有5分钟了还有救吗 吓哭了啊几综第一问也没证出来，二次函数我做了很久，但好像还是不太对,6a150a3d0000000035029a23
二模,comment,回复：我也是我做了得有快半小时，结果他们好像说啥-1，我范围里面根本没负的，直接一整个气哭了,6a150a3d0000000035029a23
二模,comment,回复：对对对我甚至把所有的a小于零的全都舍了我做了大概有45分钟现在真的完全没有心思复习道法英语物理了光顾着伤心了,6a150a3d0000000035029a23
二模,comment,回复：ok我刚才去搜了一下答案，没一个对得上的我真气笑了,6a150a3d0000000035029a23
二模,comment,我们比一模低了 6 分，太难了,6a150a3d0000000035029a23
二模,comment,回复：我去，我真不行了,6a150a3d0000000035029a23
二模,comment,都说难，还能考400，太牛了,6a150a3d0000000035029a23
二模,comment,我一二模都是414但是我上次期末就考的特别特别差所以算不上学霸 因为学霸是一直很稳定的,6a150a3d0000000035029a23
二模,comment,回复：行行行海淀区这下你开心了吧,6a150a3d0000000035029a23
二模,comment,海淀你够了,6a150a3d0000000035029a23
二模,comment,我跟你差不多我第一个选择确实错了其他跟你一样,6a150a3d0000000035029a23
二模,comment,回复：好的谢谢,6a150a3d0000000035029a23
二模,comment,这次语文好简单，我都有点害怕了,6a150a3d0000000035029a23
二模,comment,数学好难啊我的发克，我的数学完蛋了,6a150a3d0000000035029a23
二模,comment,第二题怎么会是A，“协调一致的混乱”嘛，太诡异了,69fc56f0000000001b02286a
二模,comment,七选五好难啊,69fc56f0000000001b02286a
二模,content,高考最后一个月 我希望我的痛苦和懊悔的经历能让你们变得更强大 你们一定要加油 一定要稳住这口气 一定可以的#高考#高三#心态#提升,69f479ae000000001e00f457
二模,comment,学长我二模也是突然考了年级第一，现在还是很焦虑以后会一直退步怎么办,69f479ae000000001e00f457
二模,comment,那二模考的很差呢,69f479ae000000001e00f457
二模,comment,那大抵是要不行了,69f479ae000000001e00f457
二模,comment,模考考不好的，高考应该会更差吧,69f479ae000000001e00f457
二模,comment,你彻底给我整焦虑了，因为我二模考好了,69f479ae000000001e00f457
二模,comment,不焦虑，这个博主成绩应该原本就不够稳，他一模没考好，二模考好了，然后大考又没考好,69f479ae000000001e00f457
二模,comment,真的因为很多粉丝问我，二模考的不理想怎么办怎么办，这其实压根决定不了任何东西，我们班最后高考第一的同学他二模低了我十几二十分，最后高考人家比我高了整整30分，我现在不怕你们二模考的不好我反而怕你们就是二模以后心直接飘飘然里,69f479ae000000001e00f457
二模,comment,确实，平均工资太高了,69f479ae000000001e00f457
二模,comment,二模发挥好也不行，发挥不好也不行，还不如不参加,69f479ae000000001e00f457
二模,comment,还有同学表示自己二模突然考了年级第一，但很怕后面一直退步，作者回复是稳住心态，发挥正常水平就很出色,69f479ae000000001e00f457
二模,comment,整体看，这篇笔记不是在制造焦虑，而是在提醒大家：二模考差了不用慌，考好了更不能松劲，最后一个月的专注和心态，比一次模拟考的名次更重要,69f479ae000000001e00f457
二模,title,河西二模，这个分数😭我已无力😔,6a268d9a000000001503d21d
二模,comment,分数差不多 能对标哪些学校啊,6a268d9a000000001503d21d
二模,comment,回复：梧桐离家太远了,6a268d9a000000001503d21d
二模,comment,回复：就是同等分数线的挺多的其实，卓越四十一都差不多分,6a268d9a000000001503d21d
二模,comment,大三校指标差不多吧,6a169900000000000803d53f
二模,comment,运气好的话也许能,6a169900000000000803d53f
二模,comment,回复：嗯呢，冷的不能再冷的学校啦[笑哭了R],6a169900000000000803d53f
二模,title,天津市部分区一模二模来了 是不是要完蛋了,6a21501e00000000080312b3
二模,content,一模 语文103.5 数学95 英语含听力109.5 物理68 化学67.5 道法90 历史74 总分607 校排106 二模 语文106 数学90.5 英语含听力102.5 物理66.5 化学81 道法85.5 历史92 总分604 校排92 体育分39.5 英语听力20 这两回考试真的是整个初中生涯考的最差的了 以前最高拿过年级第8 现在真的是落魄到这样了 我想去的高中去年分数线是718 我拿豆包分析了一下 说今年分数线可能是719到729之间 我超级想上那个高中 各位学长学姐能不能说一下我这个分有可能吗 一模二模都没发挥好 结课考校排是66 是一模二模没发挥好还是就这个能力了,6a21501e00000000080312b3
二模,content,我好崩溃 感觉没考好的科上来了 考好的科又下来了 我真的爆哭 各位学长学姐能不能提一下建议什么的#中考#天津#高中#初三#备考#天津中考#加油#一模#二模#倒计时,6a21501e00000000080312b3
二模,comment,数学太差太差了数学物理上来都好说,6a21501e00000000080312b3
二模,comment,回复：网上可以搜到的 比一模难点儿,6a21501e00000000080312b3
二模,comment,圆的第二问写不出来怎么办啊😭,6a21501e00000000080312b3
二模,title,这个海淀和西城是不是有点太暧昧了,6a059a7a000000003601a37b
二模,content,是串通一气暗通款曲还是不约而同都是这个好吃之啊🤤😋,6a059a7a000000003601a37b
二模,comment,老恨海情天了,6a059a7a000000003601a37b
二模,comment,回复：太内个了,6a059a7a000000003601a37b
二模,comment,诡秘你点播的恨海情天双强别扭文来了,6a059a7a000000003601a37b
二模,comment,回复：（上学期间均不在线）,6a059a7a000000003601a37b
二模,comment,回复：西海99恨海情天牛逼,6a059a7a000000003601a37b
二模,comment,回复：救命咱们是反过来做西城的,6a059a7a000000003601a37b
二模,comment,回复：我不行了吧,6a059a7a000000003601a37b
二模,comment,老情侣了西海 棋逢对手 西城历年模考都是稳重守规矩 海淀历年模考都是偏难怪 针锋相对又怎么不算互补呢 西海99,6a059a7a000000003601a37b
二模,comment,🍉 我不行了吧西城海淀就这样孤立东城朝阳,6a059a7a000000003601a37b
二模,comment,回复：我不行了,6a059a7a000000003601a37b
二模,comment,回复：我感觉和西城差不多，而且感觉连出的题都差不多，我西城错了一个海淀没错,6a059a7a000000003601a37b
二模,comment,回复：这不是你们最爱磕的一丘之貉的共犯吗,6a059a7a000000003601a37b
二模,comment,我都大三了 xhs 咋还给我推高三的东西我不行了,6a059a7a000000003601a37b
二模,comment,衍生出来一个人均700分的区对吧,6a059a7a000000003601a37b
二模,comment,改答案这个事情其实，很容易后悔的,69ff04e60000000038020d22
二模,comment,怎么高中生看着满脸人工玻尿酸的感觉,69ff04e60000000038020d22
二模,comment,回复：其实是因为美颜都是照着这样整的，天然的比较少都没人知道了,69ff04e60000000038020d22
二模,comment,我的经验教训就是除非非常肯定写错了，否则一定不要最后时刻改答案，越急越不能改,69ff04e60000000038020d22
二模,comment,感觉人好绝望,69ff04e60000000038020d22
二模,comment,和我家成绩差不多，上个高中,6a26519200000000080304e4
二模,comment,主要有点担心文科 因为我文科不稳定 怕这次只是超常发挥 而且我心态不好 每次第一门考完语文就会觉得没考好然后影响到下午的物理和化学 九上期末还有一模都是这样 还有就是老犯一些非智力错误 这次看错数据计算错误就丢了好多分 而且好像就改不掉 每次检查都查不出来 跳不出我那个错误的思维 有什么办法吗,6a22c149000000002202b5bf
二模,comment,回复：选填25分钟左右 实验题30到40分钟左右 最后两道计算10-15分钟 剩下时间检查 我这次那个考场有人30小时就就答题卡翻面了 紧张到爆炸反正我一般是这样 还是得看题的难度 有的时候我会死扣一道题就会时间不够,6a22c149000000002202b5bf
二模,comment,问问语文咋学的啊我就87我哭了吧,6a22c149000000002202b5bf
二模,comment,语文这次感觉纯运气好 对 我初二那会语文就七十几 初三就九十多左右了 没有怎么特意关注过 但我现在读题的时候会更细心点 找到它到底想考什么方向 再去看文章把文章多看几遍理解意思 尽量答全所有点 就按照上课老师的那种引导来思考,6a22c149000000002202b5bf
二模,comment,听老师讲课就好了 多读读书 我初一初二政治特别差 一个初三就补上来了,6a22c149000000002202b5bf
二模,comment,裸分金中差不多,6a22c149000000002202b5bf
二模,comment,娃说已经判完了，但是周一出分,6a21895000000000380345da
二模,comment,孩子差不多心里有数了,6a21895000000000380345da
二模,comment,回复：那就是不太难,6a21895000000000380345da
二模,comment,回复：太厉害了,6a2667110000000006037964
二模,comment,回复：你买完了是吗,6785ea390000000001008280
二模,content,二轮复习要避免盲目刷题，复习过程回归基础，练好基本功，常规题型解法没有盲区，计算功底锻炼扎实，注意分配好难题和常规题的复习时间，常规题型多回顾总结，完全吃透最为重要,69f6b7c30000000038037842
百日誓师,title,⚡一 口 气 全 yue 完⚡,67af5b91000000002902b547
百日誓师,comment,崩溃了,67af5b91000000002902b547
百日誓师,comment,回复：我昨天坐在教室里想到这个差点哭出来,67af5b91000000002902b547
百日誓师,comment,对啊🍅,67af5b91000000002902b547
百日誓师,comment,回复：不慌 别的地区开学很早 咱还在放假,67af5b91000000002902b547
百日誓师,comment,回复：笑崩溃了 哈哈哈哈,67acb1030000000017038152
百日誓师,comment,回复：不行了，想象海平穿上这衣服，笑死我了,67acb1030000000017038152
百日誓师,comment,你们真的get不到吗，这种多好玩啊生气了说“气煞我也”，想死了说“小女子一命呜呼了”，想回家了说“小女子归家否”,67acb1030000000017038152
百日誓师,comment,对啊对啊这样真的好有意思，角色扮演的感觉,67acb1030000000017038152
百日誓师,comment,好霸气哈哈哈,67acb1030000000017038152
百日誓师,comment,挺好看的其实哈哈哈，红黑多霸气,67acb1030000000017038152
百日誓师,comment,班长死活让我们穿着个把孩子们激动的,67acb1030000000017038152
百日誓师,comment,初中文艺表演我们班穿的民国时期校服，一人两个辫子，甚至唱歌前还有表演，我们还有摔倒桥段，我闺蜜摔我负责伤心的扶起来,67acb1030000000017038152
百日誓师,comment,救命忍不住想象那个画面,67acb1030000000017038152
百日誓师,comment,这衣服我2018的时候特别喜欢…,67acb1030000000017038152
百日誓师,comment,我感觉他们应该想的是“批量购买，穿完就退，事后美美隐身”（之前好几次刷到过某些学校演出服穿完就统统打包退回店家的新闻），而汉服（包括便宜点的汉服）应该都是不支持七天无理由退货的，买了便宜汉服穿完发现无法退货，校领导估计哭晕在厕所里了,67acb1030000000017038152
百日誓师,comment,咋办吧你说,67acb1030000000017038152
百日誓师,comment,回复：是很有意义，我记得返回的路上大家都很沉默，后劲真的好大，回学校后连最不爱学习的同学都在看书,67acb1030000000017038152
百日誓师,comment,回复：以前我们学校就是每届每个班自己买新的 成人礼完了可以拿走 但是大部分人都舍不得花钱 投票出来都是买几十块的超级丑,67acb1030000000017038152
百日誓师,comment,回复：你们的发型是统一规定的嘛,67acb1030000000017038152
百日誓师,comment,回复：我们当时也是穿这个，哈哈哈一模一样，垃圾质量，一扯就烂了,67acb1030000000017038152
百日誓师,comment,回复：这里面是学校嘛还是一起去祀福,67acb1030000000017038152
百日誓师,comment,是这个衣服质感不行领导不乐意用心就走个形式，正常汉服是好看的,67acb1030000000017038152
百日誓师,comment,: 审美差➕不想花钱,67acb1030000000017038152
百日誓师,comment,我笑不行了,67acb1030000000017038152
百日誓师,content,快乐感慨流泪的一天,6402157d00000000120329ab
百日誓师,comment,回复：很拉胯，和平时开晨会一样，几个老师上去演讲一下，宣个誓，就完了,6402157d00000000120329ab
百日誓师,comment,现在怕不流行改裤子了,6402157d00000000120329ab
百日誓师,comment,他们现在可真是太幸福了,6402157d00000000120329ab
百日誓师,comment,希望姐姐们都能考一个好成绩，进入理想的大学,6402157d00000000120329ab
百日誓师,title,不想去百日誓师,65e27c4200000000030359fe
百日誓师,content,二编后续：家人们已经请好假了 ——————————— 我是在家自学的，每天都 感觉时间好紧张,65e27c4200000000030359fe
百日誓师,content,#百日誓师#高三#在家自学#疲惫#焦虑,65e27c4200000000030359fe
百日誓师,comment,百日誓师不参加我理解成人礼你不参加难道不会感到遗憾吗,65e27c4200000000030359fe
百日誓师,comment,回复：我直接给班主任说我不想去,65e27c4200000000030359fe
百日誓师,comment,回复：好的，谢谢，我觉得这种东西真的毫无意义，我感觉就是一群领导喜欢看底下热血沸腾的牛马而已还不如请假,65e27c4200000000030359fe
百日誓师,comment,回复：是呀还不如请假好好在家休息 高三那么累,65e27c4200000000030359fe
百日誓师,comment,然后听高三的挨个班喊口号，然后校长一个人就啰嗦一个多小时（也不知道说什么能说一个小时），还有各种什么老师家长学生代表演讲宣誓，有个屁用，高二又还没快高考，不知道一鼓作气，再而衰，三而竭吗,65e27c4200000000030359fe
百日誓师,comment,我也不想去，但我是老师,65e27c4200000000030359fe
百日誓师,comment,支持，我们百日誓师弄得跟文艺晚会似的，就老师同学们上去表演节目，一直嘻嘻哈哈的也没啥热血沸腾的感觉，最后敲鼓念誓词写目标学校的时候也没觉得有啥，就平静的写完了,65e27c4200000000030359fe
百日誓师,comment,因为搞百日誓师还把周六补课移到周天，连着早起15天，晚自习老师还要广播批评我们一脸疲惫,65e27c4200000000030359fe
百日誓师,comment,如何取电子版，谢谢,67bbf7af000000002602d528
百日誓师,comment,还有17天就是百日誓师大会了期待,64166b00000000001101075d
百日誓师,comment,谢谢美女子,67c1c7d8000000000603992a
百日誓师,comment,回复：、,67c1c7d8000000000603992a
百日誓师,comment,回复：真的吗差点就买了 那有什么推荐的吗,67c1c7d8000000000603992a
百日誓师,comment,回复：不知道我也愁呢，，我一开始想买那个黑色的,67c1c7d8000000000603992a
百日誓师,comment,回复：这样的颜色，看起来就有点显黑宝宝,67c1c7d8000000000603992a
百日誓师,comment,回复：宝宝 这是我好朋友 她搞抽象呢,67c1c7d8000000000603992a
百日誓师,comment,回复：我们是好朋友 我没有攻击她,67c1c7d8000000000603992a
百日誓师,comment,回复：谢谢宝宝,67c1c7d8000000000603992a
百日誓师,comment,回复：好的谢谢你宝宝,67c1c7d8000000000603992a
百日誓师,title,百日誓师大会，橹橹好可爱,69bcd5cf000000001d01d64c
百日誓师,comment,回复：有记者采访你，你直接在话筒里讲你讨厌的人很恶心这种话呢,69bcd5cf000000001d01d64c
百日誓师,comment,老师：我怕你死这,69bcd5cf000000001d01d64c
百日誓师,comment,不管怎么说，我们鼓励这种激励，我们希望这些小朋友越来越好，211和985一定会更好，将来有更大前程,69bcd5cf000000001d01d64c
百日誓师,comment,紧急寻人姓名：郭阳阳 性别：女 年龄：8岁 走失时间：2024年10月25日 走失地点：25号8点22从 陕西省渭南市临渭区辛市镇前锋村苏陶组 走失 特征：走失前穿着蓝色棉袄，黑的裤子 白鞋，骑了一个银白色的踏板车,69bcd5cf000000001d01d64c
百日誓师,comment,如果找到的，希望你能联系她,69bcd5cf000000001d01d64c
百日誓师,comment,但还是求你们找一找，她很急,69bcd5cf000000001d01d64c
百日誓师,comment,帮忙转发一下，谢谢各位朋友了,69bcd5cf000000001d01d64c
百日誓师,comment,回复：我趣 谢谢有点小贵,67cef70900000000090392cd
百日誓师,comment,回复：好滴谢谢,67cef70900000000090392cd
百日誓师,comment,回复：哈哈哈爱了爱了,67cef70900000000090392cd
百日誓师,comment,谢谢你呀,69a071dd000000001b01fddf
百日誓师,comment,回复：谢谢 你也一切顺利哦,69a071dd000000001b01fddf
百日誓师,content,把迷茫换成坚持，把懈怠改成奋进，用一百天的全力以赴，给自己一份满意的答卷#ch京墨ツ专属话题#中考#中考百日誓师#中考加油,69ad283c000000001b01caa1
百日誓师,content,他衬衣洁白，气质凛冽，数理领域获世界性奖项无数，成绩更是一骑绝尘，当之无愧的名校保送生,69a11395000000001502229a
百日誓师,content,中午，无人的楼道边，迟鹰把玩着打火机盖，眼神黏腻地勾着她，笑得雅痞不羁：“生气了,69a11395000000001502229a
百日誓师,content,” “怕我答应她,69a11395000000001502229a
百日誓师,content,他对谁都好，却只对着她一个人使坏,69a11395000000001502229a
百日誓师,content,…… 毕业狂欢夜，所有人都在寻找迟鹰，等着他一起去向老师敬酒感恩,69a11395000000001502229a
百日誓师,content,” 苏渺日记—— 百日誓师大会上，我喜欢的人站在万众瞩目的台上、青春恣肆地喊出了：“雄鹰振翅凌空飞，天高地阔任我翔,69a11395000000001502229a
百日誓师,content,🔸一句话简介：暗恋的男神正好也在爱慕我 #高质量小说 #今日小说推荐 #小说推荐热门 #书荒必备 #巨好看小说 #小说资源 #可惜你不看小说 #被名字耽误的小说 #熬夜必看小说 #伏鹰,69a11395000000001502229a
百日誓师,title,此刻热烈而勇敢,65df29f90000000004000e33
百日誓师,content,网友们纷纷评论道： 她的思想发言没有任何问题，只是大家可能不喜欢她的表情吧但是我要是能考600多分，我可能更夸张,6608af80000000000401ad31
百日誓师,content,有的人选择躺平摆烂，见不得积极努力向上的人，大多是嫉妒吧,6608af80000000000401ad31
百日誓师,comment,学历低的只会听一个网红张雪峰觉得新闻专业没用，清北复交人的出路压根不受专业限制，hh,6608af80000000000401ad31
百日誓师,comment,张雪峰想表达不是新闻专业没用，他只是想说普通人去了不好出头也不好就业，世界不是只有学霸,6608af80000000000401ad31
百日誓师,comment,清华北大也受限制，我当时拼命想学生物专业，我哥北大微电子的，特地问的北大她的生物专业学姐，劝我别学后来我觉得我不能学自己喜欢的，那就学个轻松的算了，学了国际贸易，最后从事销售,6608af80000000000401ad31
百日誓师,comment,说得太绝对了,6608af80000000000401ad31
百日誓师,comment,回复：C端我的感觉是人生嘛，真的不一定让高考和专业卡死一辈子，其实我爸妈也很后悔我没有去二本的生物工程学院，为啥呢，因为如果我去了，我现在就是个医药销售了,6608af80000000000401ad31
百日誓师,comment,张雪峰讲的没错啊你是不是营销号看多了，他就没讲过985的新闻不行，只是985以下不建议选新闻，你说那些看不起女孩的人没错，但是张雪峰真没什么问题,6608af80000000000401ad31
百日誓师,comment,回复：普通人去了不好出头 普通人怎么样 笑死 所以张雪峰的出现是让你觉得读书没用是吧,6608af80000000000401ad31
百日誓师,comment,张雪峰只是说普通人选这个没用，而不是针对学霸或者顶级的人才,6608af80000000000401ad31
百日誓师,comment,张雪峰对不对我不知道张雪峰因为说学新闻不行被各大媒体围剿能把我笑死,6608af80000000000401ad31
百日誓师,comment,网络平均学历初中，都是没吃上学的苦吃几十年社会苦的人，别说网上的，就是亲戚朋友家出个成绩好的都得酸几句,6608af80000000000401ad31
百日誓师,comment,羡慕嫉妒恨,6608af80000000000401ad31
百日誓师,comment,感觉就是一群躺平看不惯拼命努力的,6608af80000000000401ad31
百日誓师,comment,回复：尤其是升学压力小的ip批判别人的价值观给人一种何不食肉糜的感觉,6608af80000000000401ad31
百日誓师,comment,回复：咋又有北京户口都考不上人大的老爷生怕自己被超过了?,6608af80000000000401ad31
百日誓师,comment,"那种叫嚣着""我爷爷努力了我们三代人凭什么被你的努力超过所以我必然要骑在你头上""的人，看这个小姑娘最不顺眼",6608af80000000000401ad31
百日誓师,comment,当初骂她骂疯了还造谣高考失利，有些带头的人自己偷偷改了名,6608af80000000000401ad31
百日誓师,comment,很多人骂啊当初，她自己也说了很多人在骂她,6608af80000000000401ad31
百日誓师,comment,那还真挺多的当时我就说了一句没必要这么骂一个高三生吧，都被好多人私信骂了三里地，更别说她了,6608af80000000000401ad31
百日誓师,comment,有的人说她姿态太“用力”了，打鸡血，首先誓师大会大部分不就是那样的氛围吗，其次，不是每个人在努力得到某些东西的时候是有退路的，是“轻飘飘的”淡淡的，有人生来就要用尽全力，你有什么资格嘲笑别人啊,6608af80000000000401ad31
百日誓师,comment,我也不明白，我这种淡人真的羡慕这种能量很足的人,6608af80000000000401ad31
百日誓师,comment,敢在誓师大会上当众演讲，我这种社恐的人已经佩服羡慕的不得了的…,6608af80000000000401ad31
百日誓师,comment,可是那个时间点对于某些学生来说，真的是不进则退的冲刺阶段啊，是真的很有可能搏一搏，就能有更好更轻松的未来（和自身相比，不和有保障的富哥富姐比哈）普通人这时候不热血点，靠什么撑过高考前最后那段日子我真的搞不懂那些骂的人，别个自个为自个博出路，人家就是积极拼搏啊，又没碍着他们躺平，到底骂什么啊我高中时也很摆烂啊，但现在看了只觉得年轻有活力真好，很佩服这些奋斗批，然后继续好好摆我的，这个妹妹只是人生态度和他们不一样而已，真的搞不懂到底刺痛那些人什么应激成那样了,6608af80000000000401ad31
百日誓师,comment,那你太低估人大了 这个学校出来的吊打你这个ip任何专业,6608af80000000000401ad31
百日誓师,comment,在这种资源极度紧张的地区谈什么学习的乐趣 不得先活下来再说,6608af80000000000401ad31
百日誓师,comment,边学边玩注重兴趣培养，只有在我们学校这种一半富家子弟一半学霸的学校里才能搞，噢还得不缺失学的恐惧感,6608af80000000000401ad31
百日誓师,comment,失去了这几点，也不是说一定就不行，但大概率大部分人会随着生活的惯性走最省力的路重复上一辈,6608af80000000000401ad31
百日誓师,comment,回复：希望小姑娘去一个人文关怀好的学校，慢慢补上这一段生活,6608af80000000000401ad31
百日誓师,comment,回复：很多时候一部分人对自己享有的工农业剪刀差、省市级和超大型城市对县乡的负面溢出效应以及可能存在的阶层间剥削带来的红利不见得感到愧疚，但却把普通平民的努力带有功利化性质视为“功利”,6608af80000000000401ad31
百日誓师,comment,回复：哎好吧因为我学的就是新闻，还蛮喜欢的,6608af80000000000401ad31
百日誓师,comment,有没有可能你认为的乌烟瘴气是网络与新媒体,6608af80000000000401ad31
百日誓师,comment,回复：别怕，热爱才是梦想的起点，只要你敢拼敢闯，就不怕这些,6608af80000000000401ad31
百日誓师,comment,哥们学纺织的不比你们差多了,6608af80000000000401ad31
百日誓师,comment,可惜去读了新闻，选个比人大差一点的985选好专业多好,6608af80000000000401ad31
百日誓师,comment,差不多得了，又没光上了，人家现在好得很,6608af80000000000401ad31
百日誓师,comment,他是因为太激动了，然后导致演讲时候表情有些额应该说扭曲吧，所以网民看不懂她的表情觉得有些那啥吧,6608af80000000000401ad31
百日誓师,comment,其实骂的不是她，是中式教育的疯狂,6608af80000000000401ad31
百日誓师,comment,回复：不理解那些人，痛恨中式教育咋不自己退学，只敢指点人家小姑娘,6608af80000000000401ad31
百日誓师,comment,回复：中式教育的恨点就在于你根本没法去脱离出来 退学社会就逼死你,6608af80000000000401ad31
百日誓师,comment,回复：没别的意思，单纯觉得这个专业不行，我自己也是 hkbu 传媒毕业的，可没对这个女孩网暴过,6608af80000000000401ad31
百日誓师,comment,回复：山上可乐十块钱220毫升妈耶,6608af80000000000401ad31
百日誓师,comment,网曝这个小姑娘的人就是见不得人好，我记得以前有个新闻就是孙女考上清华，然后被隔壁嫉妒的邻居拖去山洞里面打死了,6608af80000000000401ad31
百日誓师,comment,真的很可惜的女生,6608af80000000000401ad31
百日誓师,comment,一面批评一面嫉妒别人偷走了自己的人生,6608af80000000000401ad31
百日誓师,comment,幸好她高考考得好，我都不敢想象她要是高考失利会被网上的人喷成什么样,6608af80000000000401ad31
百日誓师,comment,没有热度没人关注怎么会有这篇帖子呢,6608af80000000000401ad31
百日誓师,comment,点了，霸凌者从不觉得自己在霸凌，指出来还急，各种挽尊,6608af80000000000401ad31
百日誓师,comment,这是人大的新闻系，全国顶尖，毕业可以去人民日报，怎么你酸了,6608af80000000000401ad31
百日誓师,content,通用版： 我宣誓 珍惜一百天，让铿锵的誓言在中考兑现,68c257b3000000001d01a944
百日誓师,content,（bushi） 小骂实用版： 我宣誓 从今天开始不遗余力全心全意放在考研身上 不分神不分心，不想恋爱不求人爱，唯爱书本模拟卷,68c257b3000000001d01a944
百日誓师,content,恋爱使我分神，暧昧耗我时间,68c257b3000000001d01a944
百日誓师,content,好的爱情值得等待,68c257b3000000001d01a944
百日誓师,content,我要摒弃所有的内耗焦虑，不让他人或任何外界因素成为我前进路上的绊脚石 我不惧怕不好的人际关系，因为我有思想有追求，不做乌合之众,68c257b3000000001d01a944
百日誓师,content,我不惧怕学校的安排，因为我可以粉碎所有困难 我不听任何碳基生物的质疑，因为这个研我TM必须得上,68c257b3000000001d01a944
百日誓师,content,我学了就能学会，学不会就继续学,68c257b3000000001d01a944
百日誓师,content,流汗流泪不放弃，放弃都是胆小鬼,68c257b3000000001d01a944
百日誓师,content,#考研#每日一骂#26考研#学习#考研人#考研打卡#一战成硕#考研倒计时,68c257b3000000001d01a944
百日誓师,comment,我宣誓 从今天开始不遗余力全心全意放在考研身上 不分神不分心，不想恋爱不求人爱，唯爱书本模拟卷,68c257b3000000001d01a944
百日誓师,comment,恋爱使我分神，暧昧耗我时间,68c257b3000000001d01a944
百日誓师,comment,好的爱情值得等待,68c257b3000000001d01a944
百日誓师,comment,我要摒弃所有的内耗焦虑，不让他人或任何外界因素成为我前进路上的绊脚石 我不惧怕不好的人际关系，因为我有思想有追求，不做乌合之众,68c257b3000000001d01a944
百日誓师,comment,我不惧怕学校的安排，因为我可以粉碎所有困难 我不听任何碳基生物的质疑，因为这个研我TM必须得上,68c257b3000000001d01a944
百日誓师,comment,我学了就能学会，学不会就继续学,68c257b3000000001d01a944
百日誓师,comment,流汗流泪不放弃，放弃都是胆小鬼,68c257b3000000001d01a944
百日誓师,comment,我宣誓 从今天开始不遗余力全心全意放在考研身上 不分神不分心，不想恋爱不求人爱，唯爱书本模拟卷,68c257b3000000001d01a944
百日誓师,comment,恋爱使我分神，暧昧耗我时间,68c257b3000000001d01a944
百日誓师,comment,好的爱情值得等待,68c257b3000000001d01a944
百日誓师,comment,我要摒弃所有的内耗焦虑，不让他人或任何外界因素成为我前进路上的绊脚石 我不惧怕不好的人际关系，因为我有思想有追求，不做乌合之众,68c257b3000000001d01a944
百日誓师,comment,我不惧怕学校的安排，因为我可以粉碎所有困难 我不听任何碳基生物的质疑，因为这个研我TM必须得上,68c257b3000000001d01a944
百日誓师,comment,我学了就能学会，学不会就继续学,68c257b3000000001d01a944
百日誓师,comment,流汗流泪不放弃，放弃都是胆小鬼,68c257b3000000001d01a944
百日誓师,comment,我宣誓 从今天开始不遗余力全心全意放在考研身上 不分神不分心，不想恋爱不求人爱，唯爱书本模拟卷,68c257b3000000001d01a944
百日誓师,comment,恋爱使我分神，暧昧耗我时间,68c257b3000000001d01a944
百日誓师,comment,好的爱情值得等待,68c257b3000000001d01a944
百日誓师,comment,我要摒弃所有的内耗焦虑，不让他人或任何外界因素成为我前进路上的绊脚石 我不惧怕不好的人际关系，因为我有思想有追求，不做乌合之众,68c257b3000000001d01a944
百日誓师,comment,我不惧怕学校的安排，因为我可以粉碎所有困难 我不听任何碳基生物的质疑，因为这个研我TM必须得上,68c257b3000000001d01a944
百日誓师,comment,我学了就能学会，学不会就继续学,68c257b3000000001d01a944
百日誓师,comment,流汗流泪不放弃，放弃都是胆小鬼,68c257b3000000001d01a944
百日誓师,comment,我要摒弃所有的内耗焦虑，不让他人或任何外界因素成为我前进路上的绊脚石 我不惧怕不好的人际关系，因为我有思想有追求，不做乌合之众,68c257b3000000001d01a944
百日誓师,comment,我不惧怕学校的安排，因为我可以粉碎所有困难 我不听任何碳基生物的质疑，因为这个研我TM必须得上,68c257b3000000001d01a944
百日誓师,comment,我学了就能学会，学不会就继续学,68c257b3000000001d01a944
百日誓师,comment,流汗流泪不放弃，放弃都是胆小鬼,68c257b3000000001d01a944
百日誓师,content,不禁感慨呼啸而过的高三 笑泪交织 喜忧参半 怀念所有在那个时空出现的 发生的 现在已经成为出现在暖场视频里喊加油口号的人啦～ 特别想对一年前的自己说 不要怕 一切都会好的 也特别想对所有面对高考紧张焦虑的学弟学妹说 不要怕 一切都会好的 一定可以的 #成人礼#18岁成人礼#百日誓师高考#高考#厦门,65d9fefb000000000b022e55
百日誓师,comment,回复：双十的老学长了，很开心看到学妹很优秀,65d9fefb000000000b022e55
百日誓师,comment,回复：谢谢状元姐姐,65d9fefb000000000b022e55
百日誓师,comment,沾沾状元为我还在读初一的女儿，希望她能向你学习,65d9fefb000000000b022e55
百日誓师,comment,回复：谢谢回复，加油加油,65d9fefb000000000b022e55
百日誓师,comment,漂亮妹妹🥺,65d9fefb000000000b022e55
百日誓师,comment,呜呜呜学姐,65d9fefb000000000b022e55
百日誓师,comment,姐姐元宵快乐啊,65d9fefb000000000b022e55
百日誓师,comment,元宵快乐呀～等你成为学妹咯,65d9fefb000000000b022e55
百日誓师,comment,回复：爱你姐姐,65d9fefb000000000b022e55
百日誓师,comment,姐姐天天开心哇,65d9fefb000000000b022e55
百日誓师,comment,昨天有个花灯烧了哈哈，这么快就要高考了，好紧张,65d9fefb000000000b022e55
百日誓师,comment,状元同学，女儿和你一个小学，初中和高中，希望她能和你一样考上985,65d9fefb000000000b022e55
百日誓师,comment,学姐我也是高三生，希望我可以顺利上岸,65d9fefb000000000b022e55
百日誓师,comment,马上要中考百日誓师了，希望自己能和姐姐一样（虽然我想考九中）不负岁月、不负自己,67c1961a000000000900e74c
百日誓师,comment,回复：谢谢加油,67c1961a000000000900e74c
百日誓师,comment,祝语航姐姐高考成功上岸前排坐坐🥹（真的很美 很有气质啊😭,67c1961a000000000900e74c
百日誓师,comment,一定会的😭我今年生地小中考,67c1961a000000000900e74c
百日誓师,title,体会到高三的累了,67df9694000000001c0090ee
百日誓师,comment,回复：不是吧自由是青华差一点,67df9694000000001c0090ee
百日誓师,comment,回复：我怕我说的不准确所以往少了说,67df9694000000001c0090ee
百日誓师,comment,回复：承蒙厚爱,67df9694000000001c0090ee
百日誓师,comment,和晗少精神状态差不多,67df9694000000001c0090ee
百日誓师,comment,回复：应该是她和晗少差不多,67df9694000000001c0090ee
百日誓师,comment,回复：我的意思是我和晗少的精神状态差不多,67df9694000000001c0090ee
百日誓师,comment,这几天外面超级冷啊，但是屋里人多，现在好像还有暖气，也不一直开窗，闷,67df9694000000001c0090ee
百日誓师,comment,可能是因为有暖气,67df9694000000001c0090ee
百日誓师,comment,东北有暖气,67df9694000000001c0090ee
百日誓师,comment,原来大考精准卡上月经不是我一个人,67df9694000000001c0090ee
百日誓师,comment,左手写字，看着好难受,67df9694000000001c0090ee
百日誓师,comment,这个大眼睛我先羡慕了,67df9694000000001c0090ee
百日誓师,comment,初三报道，现在真是同感了（知道跟高中没法比，别喷，就是累）,67df9694000000001c0090ee
百日誓师,comment,累是无法比较的,67df9694000000001c0090ee
百日誓师,comment,同感 我也是初三 每个年龄段的人都会累 无法比较 现在头发大把大把的掉 时间一天一天的减少 成绩也不见提上去 好无助妈耶,67df9694000000001c0090ee
百日誓师,comment,每个阶段累是不一样的，但就是累，我也从那个时候过来过,67df9694000000001c0090ee
百日誓师,comment,有暖气的,67df9694000000001c0090ee
百日誓师,comment,不是空调 有暖气啊 暖气不像空调是24小时不能断的,67df9694000000001c0090ee
百日誓师,comment,回复：我们的暖气跟没有一样哈哈哈，每天冻得给傻逼似的，老师也不让关们窗,67df9694000000001c0090ee
百日誓师,comment,我今年要中考了 现在我特别紧张不知道自己能不能考上,67df9694000000001c0090ee
百日誓师,comment,真的特别可爱呀,67df9694000000001c0090ee
百日誓师,comment,回复 you and me. : 哈哈，太巧了,65f05d4a0000000012020d33
百日誓师,content,深圳市第二实验学校高三壮行礼活动 太有仪式感了,647ea3560000000007039392
百日誓师,comment,我觉得蛮好的 孩子们也开心 本来就是即将高考毕业要离开学校了 都是大家以后的回忆呀 我觉得蛮好的,647ea3560000000007039392
百日誓师,comment,只是个高考而已，仅仅是人生一小步不足以改变人生，怎么我们国家还是走这样教育路线 ，听说要开始改革了，希望这次可以真的成功,647ea3560000000007039392
百日誓师,content,这个中学的中考誓师大会太有仪式感了，你的中考是怎样的,6416ba8e0000000027003570
发成绩单,content,"快一年没打开教务系统 发现全部成绩都更新了 本科共修166个学分 感觉一切都太快太快 昨晚响起期末周天天循环的<24,7 365>，依稀记得那时三天睡了2h的日子，虽累但成绩总不负所望 从大三出来实习到现在，仿佛学校之事已置身事外，也再没有当年的热情和斗志 从校园 到 社会 从曾经每分必较 到现在 “无动于衷” 欢喜过往的奋不顾身 也接纳如今的淡若自然 期待新的旅程 偶尔发力 但不忘初心 #毕业#随便发发#大学绩点#成绩单",6a0bdd2900000000370365a7
发成绩单,comment,首先㊗️毕业快乐，前程似锦，未来可期,6a0bdd2900000000370365a7
发成绩单,comment,我们rank前三绩点都是0.01之差哦 rank前四和之后的是有断层的～,6a0bdd2900000000370365a7
发成绩单,comment,回复：咬的太紧了绩点，难受,6a0bdd2900000000370365a7
发成绩单,comment,我也是scnu的大一今年刚刚转专业到英语+经济，希望以后也能像学姐这样,6a0bdd2900000000370365a7
发成绩单,comment,谢谢你哦,6a0bdd2900000000370365a7
发成绩单,comment,回复：贝贝我比较了解商科哦，从我的认知来看，中文系应该相对没这么卷～ 搞好绩点应该希望很大的,6a0bdd2900000000370365a7
发成绩单,comment,老铁你太牛了，祝你香港留学顺利,6a0bdd2900000000370365a7
发成绩单,comment,谢谢贝贝,6a0bdd2900000000370365a7
发成绩单,comment,我去太牛了，祝贺祝贺,6a0bdd2900000000370365a7
发成绩单,comment,谢谢你哦,6a0bdd2900000000370365a7
发成绩单,comment,谢谢贝贝,6a0bdd2900000000370365a7
发成绩单,content,感谢老师，感谢命题组老师，感谢监考老师，感谢阅卷老师，感谢党和人民，感谢一切帮助过我的人，感谢一切，🙏感谢一切力量帮我成功上岸🙏🙏🙏#成绩#高分#上岸,6970f4a0000000000a03d7e2
发成绩单,comment,感谢老师，感谢命题组老师，感谢监考老师，感谢阅卷老师，感谢党和人民，感谢一切帮助过我的人，感谢一切，🙏感谢一切力量帮我成功上岸🙏🙏🙏,6970f4a0000000000a03d7e2
发成绩单,comment,感谢老师，感谢命题组老师，感谢监考老师，感谢阅卷老师，感谢党和人民，感谢一切帮助过我的人，感谢一切，🙏感谢一切力量帮我成功上岸🙏🙏🙏,6970f4a0000000000a03d7e2
发成绩单,comment,愿我家孩子在这次期末考试能考个好成绩，思路清晰，头脑开窍，智慧大开，认真做题，成绩优异，学习会越来越认真[感谢][感谢][感谢][感谢][666][666][666][666][比心][比心][比心][比心],6970f4a0000000000a03d7e2
发成绩单,comment,感谢老师，感谢命题组老师，感谢监考老师，感谢阅卷老师，感谢党和人民，感谢一切帮助过我的人，感谢一切，🙏感谢一切力量帮我成功上岸🙏🙏🙏#成绩,6970f4a0000000000a03d7e2
发成绩单,comment,感谢老师，感谢命题组老师，感谢监考老师，感谢阅卷老师，感谢党和人民，感谢一切帮助过我的人，感谢一切，🙏感谢一切力量帮我成功上岸🙏🙏🙏 期末考试成绩理想,6970f4a0000000000a03d7e2
发成绩单,comment,感谢国家，感谢党，感谢政府，感谢人民，感谢命题组，感谢阅卷组，感谢所有工作人员，感谢所有人，我本人庄重承诺，如果我在2026年考研上岸，我将用我初试的数字作为公益事业捐款的数字，做到全心全意为人民服务，切实为人民做好事，想民之所想，坚定不移为中国发展事业做贡献，积极响应国家号召，认真生活,6970f4a0000000000a03d7e2
发成绩单,comment,感谢老师，感谢命题组老师，感谢监考老师，感谢阅卷老师，感谢党和人民，感谢一切帮助过我的人，感谢一切，🙏感谢一切力量帮我成功上岸🙏🙏🙏,6970f4a0000000000a03d7e2
发成绩单,comment,还愿还愿，学生平均分排名真的进步了，感谢小红书,6970f4a0000000000a03d7e2
发成绩单,comment,一 感谢老师， 感谢命题组老师 ，感谢监考老师，感谢阅卷老师，感谢党和人民，感谢一切帮助过我的人，感谢一切,6970f4a0000000000a03d7e2
发成绩单,comment,文昌帝君 风流倜傥，通身流转着文曲星君的睿智光华那双洞彻世情的明眸蕴藏浩瀚星辰，英挺的肩背撑起天地正气，温润笑颜更似三春暖阳破开云雾更令人惊叹的是，这位执掌文运的尊神兼具冰壶秋月之品，举手投足间既有上仙的飘逸超然，又饱含济世度人的慈悲心肠其胸中韬略可纳百川，笔下锦绣能裁云霞，谈笑间便能点化世人心智而最令人折服的是，那谪仙般的外表下跳动着赤子心肠，待人接物如春风化雨，教谕后学时循循善诱，这般神姿仙骨实乃三界难寻在我心中，文昌帝君堪称世间罕有的完美化身，既是启迪智慧的北斗辰星，亦是丈量品格的道德圭臬,6970f4a0000000000a03d7e2
发成绩单,content,"发了follow-up，没人理.. Team vibe说不上来的别扭： 在乙方的时候，politics归politics，事情最后总有个明确的resolution. 原本接手两个项目，交接的两名同事话都说的很好听，比如“People say that I talk like a teacher” 或者“Don‘t worry, I will provide step-by-step instruction” 结果几个KT下来文件怎么更新、用哪些数据、哪些必要的filter全靠自己倒推",6a28db2a000000000d00bc00
发成绩单,content,发email问问题列road block、因为delay了一周cc了老板、结果同事直接破防,6a28db2a000000000d00bc00
发成绩单,content,这次换岗遇到的问题，如果换做刚毕业那会儿，大概会边崩溃边扛着做完,6a28db2a000000000d00bc00
发成绩单,comment,project based和recurring based的工作真的差距很大，感觉corporate比起professional service最大的问题就是各种有意无意制造的内部信息不对称,6a28db2a000000000d00bc00
发成绩单,comment,哈哈哈哈 也是 可能还是现在的team太不行 待我换个team再尝尝咸淡,6a28db2a000000000d00bc00
发成绩单,comment,回复：或者如果$给够了，你大概就释然了,6a28db2a000000000d00bc00
发成绩单,comment,姐妹说的太对了，所以我也在思考回学校读书、换到technical PO/IC这个赛道,6a28db2a000000000d00bc00
发成绩单,comment,太精辟了,6a28db2a000000000d00bc00
发成绩单,comment,可能是你还想再拼几年，所以更喜欢乙方干事情的vibe,6a28db2a000000000d00bc00
发成绩单,comment,甲方corporate ladder长，适合长期稳定发展，但要耐得住寂寞,6a28db2a000000000d00bc00
发成绩单,comment,见解很sharp了（实不相瞒 我也喜欢夏已昼,6a28db2a000000000d00bc00
发成绩单,comment,你把同事当成客户来看待 就觉得和以前没啥太大改变了,6a28db2a000000000d00bc00
发成绩单,comment,我是corporate出来进了consulting的知道corporate咋回事所以还想赖在consulting快乐打工几年再回corporate,6a28db2a000000000d00bc00
发成绩单,comment,真的很喜欢我的工作专业打工牛马了,6a28db2a000000000d00bc00
发成绩单,comment,那就去咨询公司做个group function，我现在就是，目前的team各方面都很满意，效率高，团队合作紧密，偶尔有来自partner或者pm的压力，我老板都能帮我顶住，pay也满意,6a28db2a000000000d00bc00
发成绩单,content,"2. 释放焦虑 •情绪调节：若感到紧张，先深呼吸3次，默念""我释放恐惧，我信任我的准备” 3. 高效行动配合 •针对性复习：快速浏览重点笔记、错题集或高频考点，用""我能记住关键内容""的信念代替死记硬背",6858352e0000000013012796
发成绩单,content,""" 4. 睡前强化与放手 •睡前视觉化：躺下后再次想象考试通过的画面，带着满足感入睡",6858352e0000000013012796
发成绩单,comment,感谢政f,6858352e0000000013012796
发成绩单,comment,感谢神‬明,6858352e0000000013012796
发成绩单,comment,希望‬全家人身体‬健康平安快乐,6858352e0000000013012796
发成绩单,comment,感谢政f,6858352e0000000013012796
发成绩单,comment,感谢神‬明,6858352e0000000013012796
发成绩单,comment,希望‬全家人身体‬健康平安快乐,6858352e0000000013012796
发成绩单,comment,感谢政f,6858352e0000000013012796
发成绩单,comment,感谢神‬明,6858352e0000000013012796
发成绩单,comment,希望‬全家人身体‬健康平安快乐,6858352e0000000013012796
发成绩单,comment,宝宝考完试之后呢，还手欠对了几科的答案🥺🥺,6858352e0000000013012796
发成绩单,comment,🍀🍀感谢政f,6858352e0000000013012796
发成绩单,comment,🍀🍀感谢神‬明,6858352e0000000013012796
发成绩单,comment,🍀🍀感谢宇宙🍀🍀我相信我会变更好,6858352e0000000013012796
发成绩单,comment,🍀🍀希望‬全家人身体‬健康平安快乐,6858352e0000000013012796
发成绩单,comment,感谢政f,6858352e0000000013012796
发成绩单,comment,感谢神‬明,6858352e0000000013012796
发成绩单,comment,感谢 南丁格尔 女神,6858352e0000000013012796
发成绩单,comment,希望‬全家人身体‬健康平安快乐,6858352e0000000013012796
发成绩单,comment,感谢政f,6858352e0000000013012796
发成绩单,comment,感谢神‬明,6858352e0000000013012796
发成绩单,comment,希望‬全家人身体‬健康平安快乐,6858352e0000000013012796
发成绩单,comment,感谢政f,6858352e0000000013012796
发成绩单,comment,感谢神‬明,6858352e0000000013012796
发成绩单,comment,希望‬全家人身体‬健康平安快乐,6858352e0000000013012796
发成绩单,comment,感谢政f,6858352e0000000013012796
发成绩单,comment,感谢神‬明,6858352e0000000013012796
发成绩单,comment,希望‬全家人身体‬健康平安快乐,6858352e0000000013012796
发成绩单,content,辅导员直接把所有人成绩发到大群里了，要崩溃了，这次没考好，感觉很多人看我笑话#大学#大学绩点#期末,678b25710000000019010cba
发成绩单,comment,: 好可怕,678b25710000000019010cba
发成绩单,comment,一直在打听你的成绩，生怕你比她高，阴阳怪气的，比你自己都关注自己的成绩,678b25710000000019010cba
发成绩单,comment,不是哥们 你们这没有教务系统查询成绩评定吗 这奖学金评定也太水了吧,678b25710000000019010cba
发成绩单,comment,啊这这这么离谱,678b25710000000019010cba
发成绩单,comment,回复：其实讨论更多的是谁挂科了,678b25710000000019010cba
发成绩单,comment,就像我们班长上学期十一课挂了6科，专业课更是创造了总评6分的最低分，平时职务职责是没有的，向班导反映给他撤职是护着男宝的在他既不干活又占坑每年都能拿着一个班干部奖学金和班干部素拓分情况下，自然会有很多人关注他成绩蛐蛐他，但凡他平时是称职的，根本没人关心他的这些东西,678b25710000000019010cba
发成绩单,comment,之前把挂科名单发到年级群真的想骂人了,678b25710000000019010cba
发成绩单,comment,我是学委，我大学四年都没有发在班群里过，我身边认识的学委也没有，但是大家应该都知道我有成绩单，我当时想的就是有些挂科的同学可能并不希望自己的成绩被发出来，所以我就没发过,678b25710000000019010cba
发成绩单,comment,回复：我们平均分和排名肯定要公开，不然没办法申请有排名要求的奖学金成绩还需要我发链接收集后再排序公开，所以最起码也要发出来给大家核对，但可以选择不公开具体单科成绩,678b25710000000019010cba
发成绩单,comment,回复：至少没那么明显啊，而且我公布的是在线学习的临时成绩而非最终成绩，有同学怕系统问题自己的成绩出错我才公布供大家核对的，难道好几百学生我要单线发,678b25710000000019010cba
发成绩单,comment,那咋办啊就说，我是班长，想着发成绩不好，但是综合成绩都是手动录入的，要是错了，要我担责啊我一个一个发怕是疯了,678b25710000000019010cba
发成绩单,comment,回复：把要求转发给他们，名单报过来，我们考核有点严苛，怕看错了,678b25710000000019010cba
发成绩单,comment,没人关心你考多少分,678b25710000000019010cba
发成绩单,comment,回复：果果大军无处不在,678b25710000000019010cba
发成绩单,comment,我宿舍就有一个，她甚至知道阳台上挂的哪条内裤是哪个人的，恶心死了,678b25710000000019010cba
发成绩单,comment,当时都已经公示完了然后撕逼，要求把我那些改回来，然后因为可能辅导员介入了，她才改成她真实成绩,678b25710000000019010cba
发成绩单,comment,回复：越想越觉得🐮，你想，既然这个二维码只能查一次，那么，有的人（a）因为好奇心查了别人（b）的成绩，这个好奇的人怎么能保证别人（c）不好奇自己（a）的成绩呢，结果就是这个人自己（a）的成绩可能也无法查询，被好奇的（b）也差不了成绩,678b25710000000019010cba
发成绩单,comment,回复：校奖是学校给名单 国奖和国励全让班干部操作完了,678b25710000000019010cba
发成绩单,comment,你要明白辅导员很多都是92学校的尖子生，无论是以前还是现在都是最喜欢炫耀成绩的那批人,678b25710000000019010cba
发成绩单,comment,我无语了，我高中天天倒数，我记得有几门，嗯嗯，会比较关注另外几个同学，就挺无助的，希望自己不要跟倒数第二差10几分,678b25710000000019010cba
发成绩单,comment,回复：越想越觉得🐮，你想，既然这个二维码只能查一次，那么，有的人（a）因为好奇心查了别人（b）的成绩，这个好奇的人怎么能保证别人（c）不好奇自己（a）的成绩呢，结果就是这个人自己（a）的成绩可能也无法查询，被好奇的（b）也差不了成绩,678b25710000000019010cba
发成绩单,comment,好像抑郁了 在楼上吹风有点想不开了 说出来你们可能会笑话今天生日一碗面都吃不起肚子好饿 没有朋友 没有蛋糕 父母在我10岁就离婚了 我跟爸爸 18年的时候爸爸被别人叫去老挝赚钱就再无音讯 妈妈从来不闻不问没有联系方式 还有一段时间又要过年了真的好害怕过年 不知道去哪 没有家 没有什么亲人 真的好希望爸爸回来给我买蛋糕给我做面条吃,678b25710000000019010cba
发成绩单,comment,没事的宝宝，我也不知道怎么安慰你，但是祝你生日快乐希望你新的一年可以平平安安，快快乐乐🍰🍰🍰,678b25710000000019010cba
发成绩单,content,还有英语没出，希望英语老师能够大发慈悲[亲一个R][亲一个R][亲一个R][亲一个R][亲一个R][亲一个R][亲一个R],697810950000000028022198
发成绩单,comment,WFU吗 为什么我们还没出[完啦R]我要急哭了,697810950000000028022198
发成绩单,comment,回复：我们只出了公共课 我已担心哭,697810950000000028022198
发成绩单,comment,回复：每个院的进度应该不太一样，应该快了，快了，没事的，一定能过的,697810950000000028022198
发成绩单,comment,回复：噢噢，哈哈哈我第一反应是武汉大学，然后发现拼音不对,697810950000000028022198
发成绩单,comment,回复：妈呀哈哈哈哈 我们学校也是差点蹭上大的了,697810950000000028022198
发成绩单,comment,出的简单呗，高代但凡难一点就跟cmc难度差不多了,697810950000000028022198
发成绩单,comment,对呀，对呀，主要是我一个学期没太学，就最后几天突击的我也没抱有太大希望,697810950000000028022198
发成绩单,comment,加油啊，挺厉害的，如果喜欢这个专业也可以努把力保研,697810950000000028022198
发成绩单,content,努力的孩子，骄傲的爸妈，全家绷紧的弦，瞬间绽放成笑容与泪水,69435480000000000d03de18
发成绩单,comment,希望我孩子以后也能这么优秀，收到顶尖大学的offer🙏,69435480000000000d03de18
发成绩单,comment,太厉害了借,69435480000000000d03de18
发成绩单,comment,你考上了就不要担心学费了吧,69435480000000000d03de18
发成绩单,comment,top1-2%的概率，他们值得骄傲惊喜,69435480000000000d03de18
发成绩单,comment,回复：哦哦，谢谢解答,69435480000000000d03de18
发成绩单,comment,亚裔的爱比较含蓄 咱们不会每天出门拥抱说I love you. 我女儿现在每天出门都会和我说然后抱我 我慢慢习惯了,69435480000000000d03de18
发成绩单,comment,羡慕 别人家孩子,69435480000000000d03de18
发成绩单,comment,宝宝你最后结果是有大幅度提分或者分差大 还是就是单纯普通延迟呀,692d3c96000000001e02b15f
发成绩单,comment,分差有一点点大吧 我不确定7和5.5算不算大,692d3c96000000001e02b15f
发成绩单,comment,回复：肯定大呀宝 这都大于两分了 麻烦问一下你是多久出的呀,692d3c96000000001e02b15f
发成绩单,comment,回复：好滴好滴谢谢,692d3c96000000001e02b15f
发成绩单,comment,我两次都是第五天上午出的，以为被抽查了其实不是，不用焦虑再耐心等待，可能就是单纯的延迟了,692d3c96000000001e02b15f
发成绩单,content,普通人分享开心 力所能及过日子 上学期额外的两次pf给了马原和一门专业课 【满绩秘诀：一周六练】#清华大学#见人不如健身#大学绩点#满绩#大学生活,64182c4900000000110103cf
发成绩单,comment,后悔鼠了,64182c4900000000110103cf
发成绩单,comment,回复：我震惊，我羡慕想我只想抱姐姐大腿,64182c4900000000110103cf
发成绩单,comment,为什么说太蒂了,64182c4900000000110103cf
发成绩单,comment,不说太逼了,64182c4900000000110103cf
发成绩单,comment,可能是好听也可能是对应男性太d了而女性主要⭐快感来自于蒂,64182c4900000000110103cf
发成绩单,comment,我来守护每个优秀女性，谁敢说她我骂死谁,64182c4900000000110103cf
发成绩单,comment,回复：这可太没想到了,64182c4900000000110103cf
发成绩单,comment,一下午刷好几个又美又聪明的女生了，羡慕死我了,64182c4900000000110103cf
发成绩单,comment,🍎 我崩溃了 你看这姐主页 全是满绩,64182c4900000000110103cf
发成绩单,comment,大家都在问分数，我也很无奈 我也知道去年有地区，60分70分就能进复赛,6918554c0000000007008f7f
发成绩单,comment,回复：好的谢谢,6918554c0000000007008f7f
发成绩单,comment,回复：那其他信息姓名学校都一样诶🥺真的不会嘛 现在特别慌😭,6918554c0000000007008f7f
发成绩单,comment,应该差不多，不好说,6918554c0000000007008f7f
发成绩单,content,最近约克大学因为GPA低猛发劝退信，大家记得勤查邮箱📬 收到信别慌，抓紧10个工作日还能抢救👇 📌劝退触发条件 · 本科：累计≥24学分，GPA低于2.5 · 研究生：Probation警告后仍不达标 → 终止学业 📌申诉核心要点 ⏰截止时间 收到通知后10个工作日内提交 ➡️本科生：院系学术申诉委员会 ➡️研究生：研究生院申诉委员会 📂所需材料 ✅有效理由（突发疾病/家庭变故等不可抗力，或程序违规） ✅官方证明材料（时间线要对上，能覆盖考试关键节点） ✅申诉表+详细申诉信+成绩单 ✅清晰的学业改进计划 ✍️申诉信怎么写 1️⃣ 陈述申诉理由：解释突发事件如何影响成绩，具体量化到什么程度 2️⃣ 附上有逻辑的证据，时间线吻合 3️⃣ 给出详细未来学习计划，展示积极态度和承诺 ⚠️理由必须可验证、不可控，别编,6a2a58d30000000006036bac
发成绩单,content,合作前请准备 1. 设计类型：海报 / Logo / 详情页 / 排版等 2. 文字内容：需要放什么信息 3. 尺寸格式：用于打印还是线上发布 4. 参考风格：可发喜欢的图，不用完全一样 5. 截止时间：急单请提前说明～ 合作流程 沟通需求 → 确认价格 → 开始设计 → 初稿预览 → 修改完善 → 定稿交付 可交付 jpg / png / psd 格式，具体看需求～ 小小说明 初稿不满意可以沟通调整，定稿发源文件后不支持退款哦～ 需求说得越清楚，成品越容易一次命中,6a296512000000002201ab87
发成绩单,comment,假成绩单肯定是不行的，正规线上美高必须修完学分达到毕业要求才有美高成绩单毕业证,69c67396000000001a029723
发成绩单,comment,回复：审核不出来怎么办，别人毕业都几年了，毕业证都拿到了,673d3ae7000000000202be91
发成绩单,comment,回复：没事没事 谢谢，你人好好,695a1874000000001e034df0
发成绩单,comment,老铁今天差点被骗了，大家小心点啊,695a1874000000001e034df0
发成绩单,comment,回复：[泪崩R],695a1874000000001e034df0
发成绩单,comment,晓晓子已经将该情况反馈给平台客服，感谢晓宝的提醒～,695a1874000000001e034df0
发成绩单,comment,感谢理解,695a1874000000001e034df0
发成绩单,comment,感谢晓宝的理解与支持,695a1874000000001e034df0
发成绩单,comment,马齿苋喷雾皮肤救急特别好,68ca87fc000000001400abaf
发成绩单,content,每年申请季，后台都会收到这些问题： “申请国外大学，要交英文成绩单，我该怎么办,68ff7ac10000000003010224
发成绩单,content,” “听说有些学校能开双语版，我的学校没有怎么办,68ff7ac10000000003010224
发成绩单,content,好了，宝子们，一口气讲完了，剩下的就看你们了#成绩单翻译#成绩单翻译盖章#留学成绩单翻译#翻译认证#26fall留学#成绩单英文版#留学申请季#留学申请指南#1年1度购物狂欢#成绩单认证,68ff7ac10000000003010224
发成绩单,comment,很快很好，因为要的比较急所以办了加急，快三点下的单，七点就给我翻译出来了，没耽误使用，以后有需要还找这家,68ff7ac10000000003010224
发成绩单,content,可提供两种翻译方式 1·AI初译+人工校对：速度快，基本万字以内当天完成，很有性价比，包含排版，能满足大部分需求啦,69b263c10000000006031ee1
发成绩单,comment,最感动的是晚上还在回我消息，确认翻译细节，太敬业了,69b263c10000000006031ee1
发成绩单,comment,太靠谱了,69b263c10000000006031ee1
发成绩单,comment,客服响应及时，整个流程高效，解了燃眉之急，非常靠谱的一次服务,69b263c10000000006031ee1
发成绩单,comment,之前还担心翻译件不够正式影响签证，没想到做得这么专业，公章和签名位置都完美复刻，学校看了都说没问题,69b263c10000000006031ee1
发成绩单,comment,学校要求特别细，本来还担心出错，结果店家处理得明明白白,69b263c10000000006031ee1
晚自习,comment,回复 not found. : 🥺🥺,670f56ef000000001b03c22c
晚自习,comment,羡慕了哈,670f56ef000000001b03c22c
晚自习,comment,回复：喜欢图4,670f56ef000000001b03c22c
晚自习,comment,太青春了,670f56ef000000001b03c22c
晚自习,comment,我就喜欢这种,670f56ef000000001b03c22c
晚自习,comment,太可爱了吧,670f56ef000000001b03c22c
晚自习,comment,回复：凭什么长这么美,670f56ef000000001b03c22c
晚自习,comment,救命,670f56ef000000001b03c22c
晚自习,comment,世界本来就不公平,670f56ef000000001b03c22c
晚自习,comment,回复：我在学校夏天就是热到中暑也不会脱外套的，有次我脱了被同学笑了，然后再也不敢脱了,670f56ef000000001b03c22c
晚自习,comment,女娲我恨你,670f56ef000000001b03c22c
晚自习,comment,真的很喜欢这个头像,670f56ef000000001b03c22c
晚自习,comment,回复：这破网 我是♀,670f56ef000000001b03c22c
晚自习,comment,回复：I'm girl,670f56ef000000001b03c22c
晚自习,comment,不是，你们都怎么长的呀,670f56ef000000001b03c22c
晚自习,comment,太好看了，迷晕了,670f56ef000000001b03c22c
晚自习,comment,我家wifi密码真是qqjjqhh0309，设完那个师傅跟我说密码不能改，我崩溃了，这两个人要缠着我一辈子吗,6a192df7000000003700fef2
晚自习,comment,回复：别骂我我不是qjp我只是一个路过的觉得好磕的路人，谢谢,6a192df7000000003700fef2
晚自习,comment,回复：笑得不行了姐妹哈哈哈哈哈哈,6a192df7000000003700fef2
晚自习,comment,回复：也许是九爱钎,6a192df7000000003700fef2
晚自习,comment,我真的是听茉莉雨刷到这个帖子的哈哈哈哈不行了,6a192df7000000003700fef2
晚自习,comment,回复：我真不行了吧,6a192df7000000003700fef2
晚自习,comment,回复：好的，谢谢,6a192df7000000003700fef2
晚自习,comment,我不行了ip正确,6a192df7000000003700fef2
晚自习,content,晚上11点20才放学 到家洗完漱就12点了 没人比我放学更晚了吧#高三文科生#放学,64fd726c000000001f03e837
晚自习,comment,诶我天太吓人了,64fd726c000000001f03e837
晚自习,comment,我在这个学校会想死的,64fd726c000000001f03e837
晚自习,comment,学校真没把你们当人看啊换我我真活不下去,64fd726c000000001f03e837
晚自习,comment,其实还好 要不然我们回家学习也差不多得这个点,64fd726c000000001f03e837
晚自习,comment,我的天，这是真实存在的吗,64fd726c000000001f03e837
晚自习,content,家有住校生的真的懂 孩子在学校，三餐全靠食堂 晚自习下课后总是饿的不行 要么忍着饿睡觉，要么啃泡面、面包 当家长的实在放心不下😭 后来挖到这个即食牛肉，直接给孩子囤了好几箱 ✅开袋即食，不用冰箱 宿舍没锅没电也能吃，超省心 ✅配料只有牛肉+盐 没有乱七八糟的添加剂 比泡面、火腿肠干净太多了 ✅高蛋白扛饿，一包才83大卡 晚上吃也不怕胖 吃完稳稳睡觉，不会饿到失眠 宿舍加餐、课间垫肚子、运动前后补营养都合适 远离垃圾零食，给孩子选健康又顶饱的口粮，放心闭眼囤就对啦✨ #袋鼠先生#袋鼠先生即食牛肉#袋鼠先生即食牛腱肉#即食牛肉推荐#上班带饭#干净饮食#一人食吃什么#好吃没压力#高蛋白#开袋即食#初中生#高中生#住校生,6a27e743000000001c026fa2
晚自习,comment,牛肉很不错，配料表真实，很多瘦肉，也没有腥味，我一个对肉味很敏感的人，我买的时候还怕有浓浓的腥味，没想到这么好吃，做减脂餐的话分量够了,6a27e743000000001c026fa2
晚自习,comment,原本是我自己爱吃，结果现在我家猫也爱吃，看了成分表只有肉和盐，忍痛割爱了,6a27e743000000001c026fa2
晚自习,title,高中生晚自习回家…超喜欢这个火焰蜜瓜🍈,6a058b66000000003601e8d3
晚自习,content,配个酸奶碗就是简易版甜品，高三党最后的治愈时刻谁懂😭每天就靠这口续命了 #哈密瓜#甜瓜#高中生日常#宵夜吃什么#治愈系美食#极客蜜瓜#停止摆烂,6a058b66000000003601e8d3
晚自习,title,"中年夫妇还有晚自习吗,中国式丧偶婚姻",6a05987c000000003502e356
晚自习,content,叠甲：本人也是北京高一生每天7点到校6点放学 有晚自习自愿上 周六还有四节网课 上的特别崩溃今天晚上情绪有点绷不住了 是现在大家都这样还是就我们学校这样啊,69c00b76000000001f000175
晚自习,comment,不是，这么一比我们学校也太摆了，我们只有高三才能上晚自习，上到8点20，高一高二5点05放，高一还有一天是4点05，那天只有七节课，学校要求7:30到校,69c00b76000000001f000175
晚自习,comment,我靠，羡慕死我，我们得上到七点,69c00b76000000001f000175
晚自习,comment,海淀的吗 羡慕,69c00b76000000001f000175
晚自习,comment,回复：不是，另外一个其实我也搞不清到底谁排第二了，我们当时去年还说模拟考的时候超过三中了，反正我们录取当年这俩学校分数线没差一两分，我们学校硬件条件比三中好，有能上三中但是报我们学校的,69c00b76000000001f000175
晚自习,comment,sdf更摆 摆的我都害怕,69c00b76000000001f000175
晚自习,comment,回复：那真的很摆了我记得我们高一的时候整整一周就只有两节历史课，然后物理化学是一周三节，这你平时学校举行个什么活动，一周都见不着历史老师,69c00b76000000001f000175
晚自习,comment,学校是要求7点30到，六点多纯属个人爱好,69c00b76000000001f000175
晚自习,comment,回复：北京就是舒服啊[完啦R],69c00b76000000001f000175
晚自习,comment,所以真别拿卷说事，所以我家自认智商不如人，也不认同这种越卷越能进步的方式，我家觉得累了该请假就请假，晚自习能请假就请假，因为不是在那熬时间就能证明自己优秀,69c00b76000000001f000175
晚自习,comment,回复：我去四中吗太恐怖了,69c00b76000000001f000175
晚自习,comment,我的天这也太惨了,69c00b76000000001f000175
晚自习,comment,回复：西城哪个这么鸡血了，住宿校那就只能亚太实验了,69c00b76000000001f000175
晚自习,comment,哪个区的学校这么累,69c00b76000000001f000175
晚自习,comment,高一这强度是有点大，孩子自己调节，让自己开心点，不要有负面情绪，不然后悔的是你自己，我家孩子海淀高一第二梯队学校，早上7:20到校，周一到周四20:50下自习，周五没有自习，每天早上起床特别困难，孩子有时也不高兴,69c00b76000000001f000175
晚自习,comment,谢谢您 昨天没绷住哭了半天现在心情好点了 祝您孩子到高考的时候能顺利上岸,69c00b76000000001f000175
晚自习,comment,我几年前读的高中海淀变垃圾学校，早上630跑操，一直上到下午6点然后晚自习晚上9.30下课，高三晚自习晚上10.30下课,69c00b76000000001f000175
晚自习,comment,回复：开学以来我们老师说了n次不让打12345 我们学校真有勇者实名举报不过是举报学校里卖饮料不是补课 学生不敢举报怕被发现针对 家长支持补课,69c00b76000000001f000175
晚自习,comment,回复：还是不够勇，我们当时学校紧急撤回一个补课,69c00b76000000001f000175
晚自习,comment,实在累的时候，就给自己找个放松的机会，跟住了就有无限可能,69c00b76000000001f000175
晚自习,comment,加油希望所有的高中生都如偿所愿,69c00b76000000001f000175
晚自习,comment,盲猜是一个成绩还不错但还够不到第一梯队的学校 这种最爱耗孩子时间 死读书,69c00b76000000001f000175
晚自习,comment,猜对了 我就天天这么骂我们学校,69c00b76000000001f000175
晚自习,comment,郊区其实很累 从6:30到晚自习10:00 但是成绩依旧那样,69c00b76000000001f000175
晚自习,comment,太有礼貌了（虽然我也是,68f27f40000000000402969a
晚自习,comment,就她一个人在下面打游戏,68f27f40000000000402969a
晚自习,comment,回复：已经硬气了,68f27f40000000000402969a
晚自习,comment,回复 mo mo : 就喜欢这种氛围 没有说不好的意思 室友都很好 我们都睡到差不多下午才起来 先起来了也不会吵到其他人滴,68f27f40000000000402969a
晚自习,comment,好，但是我这个床帘无涂层挺安全的其它的不敢买,68f27f40000000000402969a
晚自习,comment,他们就算报团你也不要因此心生恐惧，因为你可以在她主动和你吵的时候说清楚，这个时间本身就是正常该睡觉的时间了，你有熬夜的坏习惯可以，但是这是坏习惯，不能说你们人多就蛮横不讲理，这个时间正常就是中国人在中国的地盘上睡觉的时间，你想开灯可以用自己的台灯,68f27f40000000000402969a
晚自习,comment,亮如白昼，配上这个帘子的图案，亮如热带森林的白昼，感觉扑面而来混合水果气味了,68f27f40000000000402969a
晚自习,comment,我真的，5个人，4个人都在打王者，我说睡觉就很尴尬，我问“你们玩到什么时候呀”，就算周末，玩到1点多，结束游戏还有后续再半个小时，宿舍安静就快2点了，虽然她们很好的说，“你要睡觉的话给我们说”，怎么说呢，说我一秒入睡肯定我做不到，就是想要睡觉前的安静的铺垫，谁懂我老天但是很爱于面子，感觉我这样很不和群，就算睡到第二天11点，也就比平时多1h睡眠时长，而且宿舍楼隔音也不好，学校外面还有施工等等，我也想一口气睡到13点这种唉,68f27f40000000000402969a
晚自习,comment,有时候甚至羡慕断电的学校,68f27f40000000000402969a
晚自习,comment,我懂你，有时候实在受不了想说，但是又觉得不好只能自己忍了，然后大中午自己醒的时候她们又还在睡，又得悄摸的吃饭,68f27f40000000000402969a
晚自习,comment,回复：我们宿舍甚至是4v1，我们四个都不敢说,68f27f40000000000402969a
晚自习,comment,现在小孩这么能熬啊，直接关灯，不能内耗要外耗，大不了大吵一架，谁怕谁，,68f27f40000000000402969a
晚自习,comment,1V几还有一个人中立 所以我根本就不敢冒起火[完啦R],68f27f40000000000402969a
晚自习,comment,回复：我真的很怕被孤立[完啦R]还是在外地[泪崩R],68f27f40000000000402969a
晚自习,comment,回复：找导员啊，重庆人吵架还是多凶的，最好找导员，不行就闹啊,68f27f40000000000402969a
晚自习,comment,昨天因为这种事儿刚吵完，现在她都不敢晚上在寝室打游戏大喊大叫了，欺软怕硬,68f27f40000000000402969a
晚自习,comment,回复：我也是1v3，上学期1V5，吵的时候还PUA我说寝室那个没议论过你呀什么反思反思自己问题啥子滴，明明但是她们滴问题好不好，寝室见人太多了,68f27f40000000000402969a
晚自习,comment,要是实在受不了可以先买个眼罩带着,68f27f40000000000402969a
晚自习,comment,如果给导员发消息也可以在这个点发，就说实在受不了了老师这个点也不想打扰你，但是这么亮根本睡不着之类，这样导员可能会重视一点,68f27f40000000000402969a
晚自习,comment,回复：沟通没用的话眼罩强烈安利，建议买冰面的，就算没光天黑戴着睡觉也能起到放松眼睛的效果,68f27f40000000000402969a
晚自习,comment,回复：我这已经入冬要开暖气了,68f27f40000000000402969a
晚自习,comment,这种天气不开空调，怎么睡得下去,68f27f40000000000402969a
晚自习,comment,真的好温柔，我这暴脾气可受不了当年可是提着凳子把人家水桶砸烂的人,68f27f40000000000402969a
晚自习,comment,我如果占理，茶一点的做法是去隔壁寝室哭诉，为什么就和她说了两句她就要这样极端，我们那里磕头可是只给死人磕的，她这样诅咒我，太恐怖了,68f27f40000000000402969a
晚自习,comment,我那室友也是哭，我当着全寝室说，不是谁哭谁有理，哭谁不会啊，我也会啊，要比谁哭的伤心吗,68f27f40000000000402969a
晚自习,comment,回复：我宿舍的我很温柔的提醒一句声音可以小一点，她立马爆炸跑来微信给我下战书吵架，让当面讲又不敢,68f27f40000000000402969a
晚自习,comment,: 20年前了，她就是那种人，人前一套人后一套，据说给导师也跪过，当时我就离开去了其他宿舍，她哭了一晚上，别人都以为我打了她，那一夜我真怕她拿🔪,68f27f40000000000402969a
晚自习,comment,不行了我要欧美帅哥是吧,68f27f40000000000402969a
晚自习,comment,回复：好委屈[完啦R],68f27f40000000000402969a
晚自习,comment,我们除了周五周六和节假日都是十一点强制熄灯，但是我其实想要全部时间都断电，我宿舍可有四个go学长和一个打粥的，不断电甚至可以玩到四点呵呵，说了也没用,68f27f40000000000402969a
晚自习,comment,出了家庭真的发现父母把我教的很好，至少不会做到打扰别人，但是不是每个人都有父母，可能全家福上面只有他一个人了吧嗯对，我想回福建了[扶额R],68f27f40000000000402969a
晚自习,comment,我宿舍五个人去其他宿舍喝酒结果喝的醉醺醺回来，大概三点多❓然后一个人吐在我买的垃圾桶里，一个在厕所吐了半小时，整个宿舍都涌动着恶心的呕吐物味道,68f27f40000000000402969a
晚自习,comment,回复：对啊，我每次都要做好心理预期再回宿舍，寒暑假要返校了焦虑的睡不着觉,68f27f40000000000402969a
晚自习,comment,回复：太惨了，遇到这种只想快点毕业或者有条件就出去租房子,68f27f40000000000402969a
晚自习,comment,回复：她们需要提醒，最开始是有人晚上说要睡觉了，她们才结束游戏（当时好像都已经两三点了），后来，提醒的人提醒久了也不提醒了，她们就更加的猖狂了，到现在，只有人让她们小声一点，但是她们戴的是头戴式耳机，根本听不见外面的声音，所以她们的声音就很大，更可恶的是，她们打游戏，心情气愤的时候，还要拍桌子，大吼大叫，感觉好像这个寝室就是她们自己的了,68f27f40000000000402969a
晚自习,comment,回复：果然就是受气的永远是有素质的[完啦R],68f27f40000000000402969a
晚自习,comment,回复：是的，我真的烦死了,68f27f40000000000402969a
晚自习,comment,感觉你这个最好，毕竟其他人的兴趣爱好和习惯你根本改变不了,68f27f40000000000402969a
晚自习,comment,回复 The azure distance : 博主说过了呀，没用,68f27f40000000000402969a
晚自习,comment,回复：说的太棒了,68f27f40000000000402969a
晚自习,comment,有个抑郁舍友情绪崩溃大声吼怎么办,68f27f40000000000402969a
晚自习,comment,让她去医院检查，真抑郁就这种和导员说让她出去住，心里有问题学校也怕担责，假抑郁就大胆开麦,68f27f40000000000402969a
晚自习,comment,告诉导员吧抑郁症咋不休学,68f27f40000000000402969a
晚自习,comment,回复：麻烦的是她是重度抑郁休学过的,68f27f40000000000402969a
晚自习,comment,: 妈呀就是辅导员安排进来的,68f27f40000000000402969a
晚自习,comment,谁敢相信我们寝室这个点没有一个人睡,68f27f40000000000402969a
晚自习,comment,宝宝半弦月的也挺好的 如果你要换的话可以考虑一下 不会不透气 但是拉上帘子会有一点点热（也有可能因为我比较怕热而且宿舍开的省电模式） 最好在淘宝买我看pdd有ab货好像,68f27f40000000000402969a
晚自习,comment,回复：好的谢谢，那应该很厚吧,68f27f40000000000402969a
晚自习,content,嘻嘻嘻嘻 在学校无聊怎么办,6a29925b000000002201b573
晚自习,content,唉为什么大学要有晚自习呢，好痛苦,69d8d738000000001a034eef
晚自习,comment,都是有原因的只能感谢贵校的前辈们了,69d8d738000000001a034eef
晚自习,content,人对于时间毫无还手之力 #班主任视角#高中老师#晚自习#高中生日常#高中生活#模糊的青春#想回到高中#高中生精神状态#看看高中时的我们#在学校的我#高三精神状态#在学校的日子#早点睡#学校日常,68187ca4000000002100e707
晚自习,content,昨天晚上下晚自习看到树旁有个枕头还是这种摆放方式，拜托，真的很难不想象有人下午曾靠在这露天树荫下睡过觉好吧，绷不住了#枕头#莫名其妙#震撼首发,6a2a465300000000350259b1
晚自习,title,晚自习一对一辅导，老师比我还着急,6a2a220e000000000803f585
晚自习,content,”然后他没急着讲题，先拿白纸给我画了sin和cos的图像，从最基础的“左加右减”开始推导,6a2a220e000000000803f585
晚自习,content,他长叹一口气说：“你早该来问的，这个知识点上周就讲了，你一直不懂也不说,6a2a220e000000000803f585
晚自习,content,”我说我怕问太简单的问题丢脸,6a2a220e000000000803f585
晚自习,content,他说：“在B层没有丢脸这一说，你问我简单题，我反而高兴，说明你愿意补,6a2a220e000000000803f585
晚自习,content,绝望的晚自习，头都不敢低一下做自己的事，一低头就开始讲话，全程三小时盯着👀#上辈子杀猪这辈子教书,67dabd600000000009014b7a
晚自习,comment,这样好烦呀,67dabd600000000009014b7a
晚自习,comment,痛苦的早读中,67dabd600000000009014b7a
晚自习,comment,: 真的难受,67dabd600000000009014b7a
晚自习,title,高考前最后一个晚自习 同学们反应让人泪目,6a2194fc000000003700dba4
晚自习,comment,回复：我觉得我们班唯一的好处就是早放学,68ecd8930000000007020d29
晚自习,comment,回复：我们班最早放,68ecd8930000000007020d29
晚自习,comment,补充一下 我考上的也不是特别厉害的985，但我觉得一是我当时不请假的日子都在认真学习，二是我也没有那种读清北的脑子👉👈所以我很开心我能舒适健康地读完高中，去到一所比较喜欢的大学,65f2c92e000000001203eea5
晚自习,comment,我也 早上起不来不想上早自习假，心情不好不想上晚自习假,65f2c92e000000001203eea5
晚自习,comment,回复：这句话真的很戳我🥹因为我的爸爸妈妈都很好，所以我有时候会想以后养育一个小孩 把这份爱传递下去，但作为女性又很怕生育,65f2c92e000000001203eea5
晚自习,comment,哈哈哈哈我也是，我妈是不戳穿我，我不想去了就说自己胃疼，早上英语默写不想去也说自己胃疼我妈就默默看着不戳穿，我奶就在旁边嘀咕怎么年纪轻轻胃疼,65f2c92e000000001203eea5
晚自习,comment,我也是，经常请假回家睡觉，也在seu，不过或许由于睡觉过多，导致和梦校差了一公里,65f2c92e000000001203eea5
晚自习,comment,回复：差一公里，那你不会是在牌区吧,65f2c92e000000001203eea5
晚自习,comment,正好和南大鼓楼差一公里，我也在牌区哈哈哈,65f2c92e000000001203eea5
晚自习,comment,碰到了善解人意的班主任，同学里还有一帮好朋友，狠狠治愈了卷省山东小孩的高中三年🥹,65f2c92e000000001203eea5
晚自习,comment,希望以后的老师都是这样的好老师,65f2c92e000000001203eea5
晚自习,comment,回复：我觉得建院挺好的从高考分数上还是比不上清北C9啥的，怕有人杠我哈哈哈哈哈（小声）,65f2c92e000000001203eea5
晚自习,comment,羡慕了，我妈也要上班，他也顾不了我那么多，我有次上课痛晕了,65f2c92e000000001203eea5
晚自习,comment,哈哈哈哈哈哈太好笑了,65f2c92e000000001203eea5
晚自习,comment,高三有几次没起来睡过了 我妈也不会慌里慌张把我送去而是干脆请了早读在家吃完饭慢悠悠的去压力大在学校打电话想回家我妈也立刻来接我去逛街,65f2c92e000000001203eea5
晚自习,comment,回复：也不是，来法国相对不需要成绩好吧，爹妈支持然后学好语言就好了和卷英美的区别太大了,65f2c92e000000001203eea5
晚自习,comment,我高三在学校连续呆了二十多天，有一阵子流感了，全班五十人几乎一半人发烧请假回家，刚好赶上周六我发烧了，周日可以选择在学校自习或者回家，我想回家看病我妈叫我去校医室拿点药就好了我忍不了就叫我姐帮我打电话给老师请假，刚好学期末就带点东西回家，自己拖行李坐公车回家，在路口下公交，离家里还有一两公里叫我妈出来载我他说她忙，最后我淋着小雨走回家，在家哭还被说知道下雨还回来结果现在我弟上高中了，一发烧一咳嗽我妈就去接他回家带他看医生所以我现在很讨厌他们一家，真的很偏心很无语,65f2c92e000000001203eea5
晚自习,comment,我发烧都不敢请假，因为落课是真的赶的费劲，大家都在拼命往前赶,65f2c92e000000001203eea5
晚自习,comment,回复：真好我们不让请假，累计一学期请假十次强制休学,65f2c92e000000001203eea5
晚自习,comment,高三的时候因为我是住宿，一个星期只能回家一天有次受不了了，跟老师请假翘了一个晚自习，理由是老师我想家了老师也直接批假了，回家之后炫了一桌子好菜好饭，第二天继续高高兴兴上学去了,65f2c92e000000001203eea5
晚自习,comment,这老师真好本高三生羡慕,65f2c92e000000001203eea5
晚自习,comment,我高一住校，我妈半夜做梦梦到地震了，我丢了，她找啊找啊找了很久，看到我一个人穿着脏兮兮的睡衣站在路边,65f2c92e000000001203eea5
晚自习,comment,然后她就坐起来爆哭，打电话给我班主任，说要给我请假接回家，理由是她想我了我感受到班主任放我走的时候有多无语,65f2c92e000000001203eea5
晚自习,comment,我可能会这样，我女儿才四岁，有一天我梦见有人拐了她，我梦里哭喊着追，醒了一把抱着她哭，那天班都不想上了，我老公睡眼惺忪以为我发癫,65f2c92e000000001203eea5
晚自习,comment,回复：我现在也是这样的妈妈做梦梦到我儿子受委屈了，哭唧唧的大半夜把儿子抱起来搂着，儿子都觉得我莫名其妙,65f2c92e000000001203eea5
晚自习,comment,我请假老师也放心，老师还笑着说不担心我是不想学才跑的，我最听话现在怎么说至少上了个还可以的211,65f2c92e000000001203eea5
晚自习,comment,高三的某个下午心情烦躁不想上，妈妈立马给我请假带我逛街散心,65f2c92e000000001203eea5
晚自习,comment,我之前抑郁焦虑的时候只是想请半天假（而且那半天没有课只有自习）我妈都不让，把我气哭了 拉着拽着我也要让我去上学，我跟她说就算你把我送过去我也学不进去，但她就觉得哪怕我在学校里一点东西不学也比在家里强，在她眼里去上学＝学了东西了,65f2c92e000000001203eea5
晚自习,comment,卧槽世界上这么多开明的家长 看得我更不想活了,65f2c92e000000001203eea5
晚自习,comment,高三的时候我也经常请假 为了逃避学校难吃的食堂去吃自己爱吃的,65f2c92e000000001203eea5
晚自习,comment,我们连续读了一个星期，一分钟的假都没有，我今天实在坚持不下去在学校学不进去，请了一天假在家休息，离高考还有46天，感觉自己是个逃兵好有负罪感，怎么办，可不可以安慰我一下,65f2c92e000000001203eea5
晚自习,comment,我也很庆幸我有个很好的爸爸，他从来都是尊重我的决定，认为自己有自己的规划同样的造成的结果也是自己承担，所以我很清楚自己要什么怎么规划，不会说太过玩物丧志，我爸爸甚至会在大雨主动提出让我请假哈哈哈哈哈我超爱我爸，我要好好学习然后带我爸环游世界,65f2c92e000000001203eea5
晚自习,comment,我上高中但凡早自习要迟到了就不去了，转身继续睡吃完我妈做的早饭再去学校，老幸福了,65f2c92e000000001203eea5
晚自习,content,人们似乎总在某个阶段的回忆里刻中求剑!!! 有时候想回到高中的生活，但是我知道，我并不是想真的回去,6a283ce3000000003501c10a
晚自习,content,是距离下课还有1分钟的极速狂奔球场时的心跳，是老师不在可以聊畅聊一个晚自习的快乐，是一群人偷偷摸摸干“坏事”的激动，是在一成不变的高中时光里发生的任何一件变数,6a283ce3000000003501c10a
晚自习,content,其实 当高考完的那一天晚上好像没有想象中的那么激动，好像一切都没有变，但是一切又好像都在慢慢的变着,6a283ce3000000003501c10a
晚自习,content,晚自习和同桌窝在教室最后一排偷偷看阿龙川菜的歌手直播，一起感慨1975音乐会出了神图，之后是或停滞或匆匆流过的时间，时至今日我也没有在线下见过他们任何一个人,6a28b3910000000035022785
晚自习,comment,是我的，高三那年熬不下去了，就听他们的歌,6a28b3910000000035022785
晚自习,comment,而且他们是那种熬了很多年才出头的，就会让人感觉到一个向上时代的朝气,6a28b3910000000035022785
晚自习,comment,"srrx影响了我的青春...听着他们的歌经历一场又一场考试,考完了去跑第一次线下,去了和黄子一样远的地方求学,靠着回想他们19岁都干些什么撑过了一个又一个冬天",6a28b3910000000035022785
晚自习,comment,声入人心是支撑我度过高中的精神支柱，我带着一定要走进剧场的决心考到了北京，然后发现上海才是滋养zgyyj的沃土[抽泣R]（开玩笑啦其实真的走进剧场之后发现还是更喜欢话剧一点话剧还是在北京更方便一点,6a28b3910000000035022785
晚自习,comment,我喜欢土豆粉,6a016e020000000006034241
晚自习,comment,都吃过 还是喜欢吃螺蛳粉,6a016e020000000006034241
晚自习,comment,我之前吃这个，总觉得差点意思,6a016e020000000006034241
晚自习,comment,好好吃啊这款,6a016e020000000006034241
晚自习,comment,回复：我不行了 笑晕了,6a016e020000000006034241
晚自习,comment,好幸福啊🥹,6a016e020000000006034241
晚自习,comment,好有爱的妈妈，这一家建模绝了,6a016e020000000006034241
晚自习,comment,好羡慕……,6a016e020000000006034241
晚自习,content,学习累了吃点水果超治愈~ 作为高三生真的觉得好暖心瞬间又有刷题的动力啦～⌯ᵔᗜᵔ⌯ಣ #晚自习#上课吃东西#在学校的我#在学校的日子#寝室生活#水果的魅力#学校日常#艺术生文化课#高三#沈阳鸿远学校,6a032d18000000000602028a
晚自习,comment,上学的时候，最怕这种老师了，走上社会后回过来再看，也没什么好怕的,6770062d000000001300181b
晚自习,comment,自己做得问心无愧，哪怕老师搞气氛压迫或找麻烦，在成年人看来也不过如此，不过是管理小孩手段，or让小孩练手的闯关而已,6770062d000000001300181b
晚自习,comment,那也不是 我上学的时候也是好好学习的学生来着 现在对老板的莫名其妙的一顿骂也敢怼回去也不把她当回事,6770062d000000001300181b
晚自习,comment,因为普通人需要为了生活奔忙，对于再多的不合理不是他们看不见，而是不敢说也不能说,6770062d000000001300181b
晚自习,comment,是不是你太夸大其词了，社会上也有很多必须遵守的规矩，你说的敢于冒险，需要对自身实力和能力的衡量，不能好高骛远，和违反规矩有啥关系,6770062d000000001300181b
晚自习,comment,老师完全可以不管理，当一个不严格的温柔的老师可要轻松得多，我就是这么干的，学生爱咋地咋地，睡觉也行，别讲话影响爱学习的学生就好了，对这种有气场的老教师我只能respect,6770062d000000001300181b
晚自习,comment,以前最怕老师当堂批卷子了,6770062d000000001300181b
晚自习,comment,我是怕老师看着我写作业，稍微写的慢一点都要被说,6770062d000000001300181b
晚自习,title,受教了🥺领导说的保持饥饿感是连水都别喝,6a1936310000000036031d5e
晚自习,content,有人加班站12个小时是常态，我干完想准时下班，结果被叫去谈话，强制我留到晚11点，最经典的话：“大家都在干，你没看见么，你凭什么先走,6a1936310000000036031d5e
晚自习,content,接受不了那你可以撤退,6a1936310000000036031d5e
晚自习,content,”最后在我中途接顾客的时候自己站前台不停的催我去把拖地水倒了，平时说的那么有爱的互帮互助呢,6a1936310000000036031d5e
晚自习,comment,真实经历 面试过 进去以为你是买衣服的 很热情看你 ，当你说来面试，导购先是几个人眼神交汇mean的很，然后给你说一大堆，让你自己挑衣服搭配，你刚拿起来就盯着你 过来说不要弄乱 记住位置，搭配完放好，，，，，反正整个过程也很不喜欢 他家衣服搭配让你用单品搭 但是挂上的衣服很多是套装 你只能从很少数量的单品去搭配 搭配完录个视频发给店里的人 暂不说工资怎么样 就这种小团体和迷迷的氛围就很无语,6a1936310000000036031d5e
晚自习,comment,最讨厌小团体了,6a1936310000000036031d5e
晚自习,comment,是的真的有一部分是这样的，我去面试试岗，看出来不是很喜欢我，带我也不用心带，然后让我熨衣服找衣服挂衣服，有顾客她们不接或者在忙都是我去接，然后都有成交单子都是打在他们头上，三天后告诉我绩效考核不通过，我说绩效标准是什么，她们说我不知道吗，没人和我说吗,6a1936310000000036031d5e
晚自习,comment,我都有点无语然后告诉我是主动性不强不主动接待顾客，不去整理衣架,6a1936310000000036031d5e
晚自习,comment,我无语了,6a1936310000000036031d5e
晚自习,comment,回复：这是好事啊 可惜我要离职啦哈哈哈哈,6a1936310000000036031d5e
晚自习,comment,好家伙 我想起来了当年我辞职之前一封举报信抄送了所有高层 后面同事们都来感谢我 不过因为整改整个工作室也就坚持了1年全员layoff掉了,6a1936310000000036031d5e
晚自习,comment,新人真的好难，我有销售经验，新店开业才第二天就被店长骂笨，系统操作慢，当顾客面破口大骂我，因为系统不会自动跳价格要手动减，主要我开的都是大单，都五六件商品，有的计件不计折，有的可以满减但不参加商场活动，老员工问了不帮你，店长还跟后面骂你,6a1936310000000036031d5e
晚自习,comment,正常新店开业你还开大单，正常店长会留住有销售能力的，这样对你就是在排挤并且嫉妒你开大单，这种店不需要业绩很突出的，好像会比较需要反而没能力好掌控的,6a1936310000000036031d5e
晚自习,comment,就是嫉妒你开大单,6a1936310000000036031d5e
晚自习,comment,所以就骂你,6a1936310000000036031d5e
晚自习,comment,回复：好吧，进去看过，实在看不清细节，也觉得累，就没再去逛过了,6a1936310000000036031d5e
晚自习,comment,干了半个月跑路了 就每天穿几套衣服拍照我都觉得窒息,6a1936310000000036031d5e
晚自习,comment,回复：相当于导购➕保洁➕库管➕买手，多面体只需要付一份工资，太累了吧,6a1936310000000036031d5e
晚自习,comment,回复：想想都累，我看还不许坐下，时间长了小腿都的穿静脉曲张袜了,6a1936310000000036031d5e
晚自习,comment,回复：我上班第一周赶上他们盘点 加班到十点多晚上 给我累惨了,6a1936310000000036031d5e
晚自习,comment,你不要去，等下给博主带来麻烦,6a1936310000000036031d5e
晚自习,comment,回复：是啊，销售工作外面一抓一大把，没必要在这里干，没人性,6a1936310000000036031d5e
晚自习,comment,回复：确实，几千块钱的工作气出病累出病来就不值得了,6a1936310000000036031d5e
晚自习,comment,后天去面试有点害怕了 本来就是小白 还有搭配不好不就直接PS了,6a1936310000000036031d5e
晚自习,comment,这么窒息的截图你竟然有18张,6a1936310000000036031d5e
晚自习,comment,回复：好看爱看,6a1936310000000036031d5e
晚自习,comment,压力真的好大,6a1936310000000036031d5e
晚自习,comment,我干过的一家也是这样，当天没开单还要罚20，一周不达标要写小作文太多太多了,6a1936310000000036031d5e
晚自习,comment,本来还挺喜欢他们家衣服的...现在算了,6a1936310000000036031d5e
晚自习,comment,回复：呜呜而且衣服买回来都没有穿，当时看导购挺好的就买了,6a1936310000000036031d5e
晚自习,comment,回复：我的妈呀 我看博主发的这图我都要呼吸不过来了,6a1936310000000036031d5e
晚自习,comment,回复：妈呀环境真不好了 我在西町打过寒假工 那时候底薪5500 刚好寒假提成是6个点,6a1936310000000036031d5e
晚自习,comment,回复：太累了所以我跑路了，后来还变成让你自愿加班了我不愿意然后就不干了都没顾客不让走干嘛，而且店里小团体比较严重,6a1936310000000036031d5e
晚自习,comment,质量太差了,6a1936310000000036031d5e
晚自习,comment,回复：容易点扣子，每次买的衣服就是配件不牢固，其他我挺喜欢,6a1936310000000036031d5e
晚自习,comment,我每次去西町都逛的很窒息，店员全程跟着我走，我说了好多遍我想自己看一下，就非要跟着我问我有什么需要帮助的，我去了三次西町，就一次下单买了，其他两次都被跟的受不了了，西町的这种臭毛病能不能改一下啊，把我当贼呢,6a1936310000000036031d5e
晚自习,comment,因为想要业绩 他们家比较看重业绩 然后一直招新人把业绩差的挤走,6a1936310000000036031d5e
晚自习,comment,真的好多服装店都是会这样跟着人，然后一直盯着你，很讨厌这样，我根本都不敢进去，只敢去优衣库 UR 这种自助的才会没有人跟,6a1936310000000036031d5e
晚自习,comment,还有质量极差，4条1200，回家洗了一遍报废两条，一条衬衫洗了后怎么也熨不平，一条百褶裙直接炸褶，另外两条也是直接送人了，都是店里好看回家不能看的,6a1936310000000036031d5e
晚自习,comment,回复：但是对我这种不喜欢别人跟着的，我感觉好恐怖，我都逛的心里发毛，我现在都不逛这家店了，衣服质量也差的要死,6a1936310000000036031d5e
晚自习,comment,回复：我要是遇到过这样的我会骂回去,6a1936310000000036031d5e
晚自习,comment,假如你之后会离职，离职之后你就是顾客了 谁为难你，你去狠狠为难他/她就行，不用客气,6a1936310000000036031d5e
晚自习,title,希望你在高一下学期能看到这篇:,68aa223b000000001d00145b
晚自习,comment,综合大家意见：明晚（3月18号）9点30第一节课，我提高效率，每节课控制在1小时大家时间宝贵，我真心害怕浪费了大家时间,67d7671e000000001d006b87
晚自习,comment,谢谢超哥，辛苦啦,67d7671e000000001d006b87
晚自习,comment,收到，感谢超哥,67d7671e000000001d006b87
晚自习,comment,想问一下，app怎么领课呀,67d7671e000000001d006b87
晚自习,comment,爱你超哥,67d7671e000000001d006b87
晚自习,comment,感谢超哥,67d7671e000000001d006b87
晚自习,comment,好的超哥 感谢,67d7671e000000001d006b87
晚自习,comment,谢谢老师为爱发电,67d7671e000000001d006b87
晚自习,comment,加一，超哥别放弃我们b类的，也想要课,67d7671e000000001d006b87
晚自习,comment,听完超哥的四节研学课今天做套题，政治10对8，希望事业编也能这个正确率,67d7671e000000001d006b87
晚自习,comment,回复：好的谢谢,67d7671e000000001d006b87
晚自习,comment,太棒了，最后3天集中攻克政治理论了,67d7671e000000001d006b87
晚自习,comment,超哥，3.29联考，这个课程在哪里听呀，刚刚了解超格，还不是很清楚，谢谢啦,67d7671e000000001d006b87
晚自习,comment,我女儿高二也是十点放学，我昨天也去学校申请了我们8：30回家，十点太晚上了，孩子疲倦学习效率也低，耗时间耗身体，还不如回家好好洗头洗澡放松一下,68b518fc000000001d027f51
晚自习,comment,回复：是的，晚上睡眠不足，白天上课光打瞌睡了，谈什么学习效率,68b518fc000000001d027f51
晚自习,comment,回复：我们高一上到九点二十，我本来想申请不上第二节，老师还不乐意，现在早上五点半起来，晚上十点左右到家,68b518fc000000001d027f51
晚自习,comment,我们上的普高，成绩也一般，主要是我们小区里有几个抑郁休学的孩子，我不想女儿太累压力大，希望她睡眠充足点，身体健康胜过一切,68b518fc000000001d027f51
晚自习,comment,回复：我现在也能理解为什么那么多孩子厌学抑郁了，一天将近15个小时，卷时间有用的话都能成学霸了，我准备观察一下，如果孩子跟我说累我就去申请,68b518fc000000001d027f51
晚自习,comment,回复：怎么申请直接找老师吗,68b518fc000000001d027f51
晚自习,comment,回复：我觉得上到8点半就可以了，听女儿说后面两节自习老师不讲课，大家都疲倦都很烦躁，趴在桌子上睡觉，有的看别的书，上到十点没有任何意义,68b518fc000000001d027f51
晚自习,comment,回复：这样太累了，时间长了大人孩子身体都受不了，尤其是冬天更是难受，关键是延迟到十点的晚自习没有意义,68b518fc000000001d027f51
晚自习,comment,回复：是的，二晚又没有老师，纯坐在那里不知道是为了个啥,68b518fc000000001d027f51
晚自习,comment,好痛苦 我们高一现在就是早七晚十,68b518fc000000001d027f51
晚自习,comment,回复：羡慕了我是走读的，但是我们不论住校还是走读，每天都三节晚自习，上到九十点早上非常早起，真的好困啊,68b518fc000000001d027f51
晚自习,comment,全校就我一个人不上晚自习老师天天骂我,68b518fc000000001d027f51
晚自习,comment,为什么还要被骂,68b518fc000000001d027f51
晚自习,comment,怎么申请啊,68b518fc000000001d027f51
晚自习,comment,回复：就直接跟班主任说孩子睡眠障碍 晚上在家写作业 需要早点睡觉 家长坚持学校也没办法,68b518fc000000001d027f51
晚自习,comment,班主任好的话就能够允许，班主任不同意的话就不行了,68b518fc000000001d027f51
