original_index,Sentence,LLM_label(0/1/2),LLM三分类标签,bert_prediction,BERT三分类预测,情绪类型,隐含情绪,is_correct
56159,看了大家很多评论，也想分享我写这篇的底层感受,0,中性,1,负面,中性,中性,1
65528,我表现出来了 我真的想走,0,中性,0,中性,中性,中性,1
27782,确实生源整体不怎么样,0,中性,1,负面,中性,中性,1
61826,已经找好房子啦，过几天就搬家,0,中性,0,中性,中性,中性,0
18051,我家孩子还挺喜欢穿校服,1,负面,1,负面,显性情绪,,0
25098,花钱的3+2大专不让上，努力争取上了1年的中专,2,正面,1,负面,隐含情绪,正面,1
26047,很多原生家庭父母不和强撑着反而对孩子成长不利,1,负面,0,中性,隐含情绪,委屈,1
49639,就是按部就班地讲呗，没什么技术可言）,0,中性,0,中性,中性,中性,1
33622,现在不用，之后再做,0,中性,0,中性,中性,中性,1
17192,看了一下，我三年前是社恐，程度应该是轻度到中度，不过我现在是非常开朗的人啦,1,负面,0,中性,显性情绪,,0
17948,现在学生还是保守了，二十多年前，老师和学生都带刀棍和气枪上学，扔粉笔扔板擦扔桌子都是常事，用戒尺打手打屁股每天都在上演，无论师生都有发泄的渠道，反而更稳定,1,负面,1,负面,显性情绪,,0
34382,回复：所有人早饭吐了吃这个,0,中性,0,中性,中性,中性,0
52928,我以为是鱼鳍，就是市场上卖的那种什么罗非鱼草鱼一类的鱼的鱼鳍，我说那东西也不能吃呀，怎么还有人吃,0,中性,1,负面,中性,中性,1
36595,回复：哈哈哈还是江苏卷,0,中性,0,中性,中性,中性,1
10052,看到你的评论我感觉才能安慰到评论区里的一些人，某些评论还在说什么不理解，说别人消极的，冷嘲热讽，不安慰就算了让人看的真不舒服，理解一下别人的想法真的很难吗,1,负面,0,中性,显性情绪,,1
24884,我也心疼两边父母不易，可是自己也很努力的活，再去看托举，自立，啃老这种词只觉得讽刺,1,负面,2,正面,隐含情绪,正面/委屈,1
4722,回复：既可以朗读打卡，又可以反复听自己的语言，而且还可以一个手机，既能照着阅读，又能听到自己的声音，还有一点就是打开社恐，,1,负面,0,中性,显性情绪,,0
45072,可以的宝宝,0,中性,0,中性,中性,中性,1
17773,回复：老师你就算把五条悟写成少萝我都看🥹,1,负面,0,中性,显性情绪,,0
24634,他们主要查这些： 1. 聊天记录（微信、WhatsApp、iMessage等） 2. 社交动态（朋友圈、微博、小红书、抖音） 3. 邮箱内容 4. 照片（截图、票据、合同都算） 5. 通讯录、备忘录、笔记类APP 海关看这些，是想通过手机内容判断你真实的入境目的,1,负面,0,中性,隐含情绪,焦虑,0
54149,现在就糊糊涂涂的到大三了，不知道考研还是直接找工作，看着网上都在说工作难找，以及历届学长学姐的就业情况不容乐观，我都想直接回家摇奶茶算了，反正我这个专业以人脉著称，我这种普通家庭还没有这么强的人脉可以拉我进圈,0,中性,1,负面,中性,中性,0
26829,真的，什么也没做就受到很多攻击，究其原因就是身边的人自卑拧巴心眼小，但好像只攻击我，为什么把我当成比较对象呢,1,负面,0,中性,隐含情绪,委屈,1
24484,我家孩子买的作业帮 本来以为能省点 说有的地方听不懂 不能问 又报的线下,1,负面,0,中性,隐含情绪,焦虑,1
26251,但是情感需求、个人社交状况，几乎从来不关心，没有被理解和看到过，提了会说你不懂事，所以不提了，不能说是情感忽视，压根没觉得我有自己的感受,1,负面,0,中性,隐含情绪,焦虑,1
30321,人文社科的天赋应该是对世界和人有热情和好奇心，并且心胸宽广,0,中性,0,中性,中性,中性,1
22018,还有那种外向的擅长从社交里吸取能量的,1,负面,0,中性,隐含情绪,焦虑,0
59069,期望与你一起，在复杂的时代里留下清晰的印迹,0,中性,1,负面,中性,中性,1
30700,不许打起来哈 - 附理科❤️竞赛❤️16本❤️ 附理科❤️竞赛❤️16本❤️ 附理科❤️竞赛❤️16本❤️ - #国际竞赛 #国际学校 #国际教育 #鄙视链 #数学 #物理 #化学 #信息 #生物 #数学竞赛 #物理竞赛 #生物竞赛 #化学竞赛,0,中性,0,中性,中性,中性,1
20705,我是初中，还说人家脾气好和善，跟谁都能友好相处，为什么我会呛他,1,负面,1,负面,显性情绪,,1
27533,哎我们没有小组大部分都是同桌讨论而且还不让下位,0,中性,1,负面,中性,中性,0
2971,回复：不知道我也愁呢，，我一开始想买那个黑色的,1,负面,0,中性,显性情绪,,1
15484,回复：有的家庭是,1,负面,0,中性,显性情绪,,0
21176,回复：心疼你宝宝 遇到这种人,1,负面,0,中性,显性情绪,,1
43413,我只看见了时代少年团,0,中性,0,中性,中性,中性,1
27213,阅读理解 完形填空,0,中性,0,中性,中性,中性,1
26316,为什么很多孩子长大后，跟父母“不亲”,1,负面,0,中性,隐含情绪,委屈,0
57784,你说到点上了 不过过去带来的影响还得靠自己疗愈 这样的家出来的都不是一般人 祝你也祝我,0,中性,2,正面,中性,中性,1
73058,五六年级我过得都很舒心，当然成绩依旧是全班第一,0,中性,0,中性,中性,中性,0
37141,我当时第一反应就是：终于可以离开天津，去外省看看更大的世界了,0,中性,0,中性,中性,中性,0
43596,看起来质量好好,0,中性,0,中性,中性,中性,1
71736,我也是这种感觉，没有谁对谁错 谁孤立谁,0,中性,1,负面,中性,中性,1
38605,只要孩子愿意，成绩一般也行，钱我交，但是孩子不上早自习,0,中性,0,中性,中性,中性,1
21857,初中物理挺简单的，你上课认真听，听不懂也要硬听，这样慢慢地就开窍了,1,负面,0,中性,隐含情绪,焦虑,0
65415,回复：不知道有可能吧反正我没有亲妹妹我和我亲弟弟关系很好，如果说有亲妹妹的话那应该关系也会很好，看个人吧，都是看人，有的亲姐妹都反目成仇，不绝对,0,中性,0,中性,中性,中性,1
23759,宝宝加油好好考，千万别来鸿德,2,正面,2,正面,隐含情绪,正面,0
20558,回复：好的谢谢你,1,负面,1,负面,显性情绪,,0
41823,满屋看看实在不知道打扫哪里，把所有房间门框、门板擦了一遍……,0,中性,0,中性,中性,中性,1
6871,回复：同求，谢谢,1,负面,1,负面,显性情绪,,0
24119,回复：得了吧，家长会投诉为什么要家长签字，就像这篇帖子一样,1,负面,0,中性,隐含情绪,焦虑,1
34901,回复：不然呢，985就是比我这种211的更强啊，承认别人厉害很难吗,0,中性,0,中性,中性,中性,0
20764,✅ 第三步：硬气怼回去,1,负面,1,负面,显性情绪,,1
32552,理科也是 我有点心死了 之前一直靠数学拿分,0,中性,0,中性,中性,中性,0
35981,每个人体感温度不一样，可能她们真觉得凉,0,中性,0,中性,中性,中性,1
23447,姐姐怎么做到的好厉害今天早上才查完分发现无缘211，如果去双非一本，要卷到什么程度才可以做到跨度这么大呀以及想问问姐姐选的专业,1,负面,0,中性,隐含情绪,自卑,1
56587,原来这么多年，我一直在向心里那个假想的声音，证明自己值得,0,中性,0,中性,中性,中性,0
3808,刚来的时候还想保研的，刚上课就不想学了，期中期末四级啥的全裸考，这周六的六级仍然裸考,1,负面,1,负面,显性情绪,,1
11961,我妈骂，我顶嘴就让我爸打,1,负面,1,负面,显性情绪,,1
16039,正好最近在给孩子做认字启蒙，这个小卡片上的拼音很实用，现在每天睡觉前我娃都会让我陪她抽卡聊会天，小兔子的造型很可爱，玩着就能引导娃思考表达，小嘴现在可会说了,1,负面,1,负面,显性情绪,,0
14822,写得好棒好喜欢,1,负面,1,负面,显性情绪,,0
4508,回复：没关系啦，已经考完了，我一开始都觉得我自己只能靠530左右呢（因为我没对答案纯猜的），但最后也发挥超常了，相信自己,1,负面,1,负面,显性情绪,,0
25944,但是我从小很想养小狗，家里一直不同意，我上班之后亲戚家的狗狗生崽了，我妈妈说留一只在家，说是帮我养的，我明确跟她说了几次我现在在外地租房上班，我的条件不允许我养狗，接回家只能是她来养，她最后还是养了,1,负面,0,中性,隐含情绪,焦虑,0
45575,被班主任罚站两天在教室外面,0,中性,1,负面,中性,中性,0
52889,头儿，那一家子十三个人的尸体怎么处理，人多目标大，不好弄啊,0,中性,1,负面,中性,中性,0
22274,说到心上了现在就开始填意向表了还是不知道选什么,1,负面,0,中性,隐含情绪,无助,1
37924,一路前行，下一站更精彩,0,中性,0,中性,中性,中性,1
66527,不能更同意了,0,中性,0,中性,中性,中性,0
6385,真正的问题，是头发没有层次，也没有方向,1,负面,0,中性,显性情绪,,1
1521,太厉害了 我都不知道从何背起 试卷的题也是 创新能给我创飞,1,负面,1,负面,显性情绪,,1
21969,高三生的出路‼️💡这些公办本科你都能上,1,负面,1,负面,隐含情绪,焦虑,1
64912,回复：如果成绩好的话应该还是很有盼头的hh,0,中性,2,正面,中性,中性,1
26875,这种的我敢跟她拼命，我能找准机会也对她们动手，我还能取证报警，甚至利用网络舆论保护自己但是冷暴力你又能做什么呢，你只能自己精神上难受，父母老师不会理解你，同学也可能被小团体带的对你有偏见，你的整个社会环境都在排斥你,1,负面,0,中性,隐含情绪,委屈,1
23061,虽然我是十足的i人… #职场碎碎念#甲方乙方#外企打工人#我的职场感悟,1,负面,0,中性,隐含情绪,自卑,1
24514,回复：只是觉得我们这一辈，父母没有偏心太过的，不会觉得父母生了两个就不可原谅,1,负面,0,中性,隐含情绪,委屈,1
1547,啊这么高,1,负面,0,中性,显性情绪,,0
8697,回复：在哪里看呀,1,负面,0,中性,显性情绪,,0
26538,回复：我是在问为什么啊，也有人给我提了意见，我从自己的各个方面我都有说我的不好啊，我也就是只说了老师挺凶的，我也没有说他哪里哪里的，并且在别人说了我的原因后，我就说那我确实是要改变呀,1,负面,0,中性,隐含情绪,委屈,1
51010,初一时候我先认识了姐姐，那一次正好妹妹不在场，后面第一次见到妹妹的时候，她很自然地就跟我打招呼了，那时候玩就能看出来两个人是共享交际圈的,0,中性,1,负面,中性,中性,1
49229,一家语法偏考试,0,中性,0,中性,中性,中性,1
26651,宝贝怎么啦 咱们跟家长说好不好 跟他们讲你老师体罚你,1,负面,0,中性,隐含情绪,委屈,1
19417,当然我只是随便举个例子，也不是时候自闭症都这样,1,负面,0,中性,显性情绪,,0
55271,生男孩生女孩本来都是自己的娃,0,中性,0,中性,中性,中性,1
46414,小宝宝你方不方便编辑一下 把涉及主题舞美装造的内容删掉 ys节目一旦严重泄漏可能会被砍TY,0,中性,0,中性,中性,中性,1
8675,回复：别硬洗了大姐，自己看了不觉得好笑吗,1,负面,0,中性,显性情绪,,1
59132,长大了，都会好起来的,0,中性,0,中性,中性,中性,1
54097,回复：我是想刚 刚不起来 好懦弱,0,中性,1,负面,中性,中性,0
17618,就像小时候的运动会是以班级为单位的，不分男女，我觉得如果就跑个接力赛，还得分男女，累死了，体育老师也累，学生也累,1,负面,1,负面,显性情绪,,1
44893,回复：我会听他们的话的,0,中性,0,中性,中性,中性,1
55941,我就这种感觉，没事多读读书学习比什么都强，每个人都会多多少少带有原生家庭一些习惯行为情绪，学习怎么稳定剖离的方法就好了，多思考，多读书，如果是刚脱离首先学习稳定的情绪，稳定的人生怎么过先,0,中性,1,负面,中性,中性,1
5412,一样，已破防,1,负面,0,中性,显性情绪,,1
21603,很多朋友但又没有朋友因为是entp吗,1,负面,0,中性,显性情绪,,0
27141,上了大学以后积极地去交朋友，可是又在小团体里面被忽略被疏远了，他们各自私底下会联系聊天，但是从来都没主动找过我聊天，互相朋友圈也点赞评论得特别热情，我也会热情捧场，可是我发朋友圈的时候不点赞也不评论，一次两次也就算了，可是已经有很多次,1,负面,0,中性,隐含情绪,委屈,1
26121,面子好看，别人家孩子都结婚了，她的没有，觉得会被别人说闲话,1,负面,0,中性,隐含情绪,委屈,1
8168,回复：绝大部分也就100,1,负面,0,中性,显性情绪,,0
23720,学会克制表达不是虚伪，是保护自己的社交智慧,1,负面,0,中性,隐含情绪,焦虑,0
35979,宿舍好热……但是她们不让开空调…,0,中性,1,负面,中性,中性,0
8788,回复：我家也是龙凤胎，哥哥妹妹，我觉得谁先出生就该是大的，虽然是剖腹产，但是你胎位注定就是应该第一个或者第二个出来，就像我家宝宝时辰我觉得就是他们自己选的，我早就说下午3点好，那天我早就进手术室了麻醉师就不来，一出生真的是下午3点，还跟爷爷一天生日，我觉得命中注定，但是平时都是一视同仁，哥哥我们也会说让着妹妹，妹妹我们也会说让着哥哥，谦让不应该是美得，现在怎么变味成道德绑架了，乱套了现在太唯利主义了,1,负面,0,中性,显性情绪,,1
15152,后面学业压力上来了估计会顶不住，第一个月我完全在混日子，高中生活里成绩又是不可避免的很重要的一个东西,1,负面,1,负面,显性情绪,,1
16939,回复：那就假装考公，考上了教师父母也没办法,1,负面,1,负面,显性情绪,,0
15753,回复：是的，可能他们的环境背景下容易出NPD,1,负面,0,中性,显性情绪,,1
51429,话说这种视频机场是怎么查到的，咋锁定要查这个人的,0,中性,0,中性,中性,中性,1
56939,到时候婚内给你搞点债务你不得一起背,0,中性,0,中性,中性,中性,1
21760,宝宝我和你是一个想法 但你要这样想 如果她们真的还有念及一丝旧情就不会在这个时候说出来 就算有多不满都会等到毕业之后 而且我们猜不透不正常人的脑子里是在想什么的,1,负面,0,中性,隐含情绪,焦虑,1
39122,为了体测,0,中性,0,中性,中性,中性,1
24332,1、萨拉米香肠切片法 2、脑力冲刺法 3、5分钟晨间启动术 4、手写代替法 5、舒尔特方格法 #小红书游学团#生活走读生#快速进入学习状态#效率#记忆力#专注#把知识装进大脑#学习效率#保研#高绩点#大学生#脑科学你的执行力强吗,1,负面,2,正面,隐含情绪,焦虑/正面,1
26188,父母刷不到系列,1,负面,0,中性,隐含情绪,委屈,1
21187,好友好有爱原本我以为主要是友情以上爱情未满状态，为他们提供机会的,1,负面,1,负面,显性情绪,,0
38390,晓艳老师用自己亲身经历，激励你,0,中性,1,负面,中性,中性,1
16769,回复：˻˳˯ₑ🕊️: 记住你是女人，努力是你的底气，自信是你的资本，微笑是你的标签，方你熬过所有的苦，自然会遇到所有的甜，每天给自己一点希望，努力一点，善良一点,1,负面,1,负面,显性情绪,,0
59107,B.降低自己對你的期望繼續愛你，然後他們選擇的是B,0,中性,1,负面,中性,中性,1
10988,这种家庭一般孩子考不上清华,1,负面,1,负面,显性情绪,,1
22434,晚上早睡半小时后被翻书声吵醒了，然后人家学完躺下了，我失眠俩小时,1,负面,1,负面,隐含情绪,焦虑,1
19148,回复：哈哈哈哈哈哈那还挺好的,1,负面,2,正面,显性情绪,,0
24137,让家长管，老师也会被举报,1,负面,0,中性,隐含情绪,焦虑,1
63223,孩子问父母：“我为什么要听你的,0,中性,0,中性,中性,中性,0
23788,可是班主任要陪跑啊,1,负面,0,中性,隐含情绪,自卑,0
70097,回复：这是真的，我高中都是11点才不让说话,0,中性,1,负面,中性,中性,1
47599,醒到现在,0,中性,0,中性,中性,中性,1
70380,会吐槽，但远不远离是朋友自己的判断，我既不能干涉那个人，也不能干涉我朋友,0,中性,0,中性,中性,中性,1
65274,不能换，就一句话：心态直接敞开，拿的起放的下,0,中性,0,中性,中性,中性,1
16738,回复：跟我这里面一个女生一样 问3遍才回应你 恨不得把耳朵放她嘴上 声音小的听不清 有个老师只问了你是不愿意学还是学不会 直接哭了,1,负面,1,负面,显性情绪,,1
56973,一样……,0,中性,0,中性,中性,中性,1
18168,回复：你最后一句话说的太好了我的天,1,负面,1,负面,显性情绪,,0
27429,如果你真的很想好好学习那坐在所谓的雅座也是一个很好的选择，怎么选看你，你描述的这个状态我认为你自己单座会更好,0,中性,1,负面,中性,中性,1
17501,正常，小学到大学都有遇到，他們会说你闲話是沒有理由的，哪怕你沒招惹到他們，他們都是今天看这不順眼就說这人，明天看那人不順眼就說他，有时候左耳进右耳出就好，太过分了就找人一起骂他,1,负面,1,负面,显性情绪,,1
58033,回复：好好活着，就是弥补了，你是妈妈身上掉下来的肉，妈妈去天堂了但还有你-她的一部分留在这世上，好好过日子就好🙏,0,中性,0,中性,中性,中性,1
67669,回复：真的真的,0,中性,0,中性,中性,中性,1
66765,孩子被老师打了，我也是老师，这还是我同事，我应该怎么处理好,0,中性,1,负面,中性,中性,0
72764,前面都正常，但最后一个知道要早八舍友睡过头喊一下也不费劲吧，舍友都考虑到你早睡关灯小声玩游戏了,0,中性,0,中性,中性,中性,0
12114,而且也不是做家务就是不幸福的,1,负面,1,负面,显性情绪,,0
24923,回复：唉我妈妈也是,1,负面,0,中性,隐含情绪,焦虑,1
60791,我们要结婚了,0,中性,0,中性,中性,中性,1
36978,上了高中基本晚上十二点前后睡觉,0,中性,0,中性,中性,中性,0
13246,实在难受的话，不妨保持一定的距离，但是也没有必要完全离开他们，找到一个你觉得不会难受的距离，如果他们已经有所改变了，没有再像以前那样对待你了，话你可以慢慢去想办法解开心结，这个就像是老是挨，打的人别人一抬手他就觉得要被打了，只能通过时间以及你自己的内心慢慢变得强大起来，老人一般都不会觉得自己有错的，毕竟他们也有可能经历过这些，就容易觉得理所当然，加油，你是最棒的,1,负面,0,中性,显性情绪,,0
22052,人家干自己的关你啥事啊,1,负面,0,中性,隐含情绪,愤怒,1
61303,就是对于婚姻的看法，他觉得结婚了就会离婚,0,中性,0,中性,中性,中性,1
59954,先尝试买背带，然后让他们熟悉背带，过几天再试试带上背带，再家门口试探再尝试吧,0,中性,0,中性,中性,中性,1
43594,我又薄又凉 谁懂,0,中性,0,中性,中性,中性,1
27703,记得回我,0,中性,0,中性,中性,中性,1
12877,我跟你差不多，区别就是我爸喜欢窝里横，让我心累,1,负面,1,负面,显性情绪,,1
26668,回复：非常认同,1,负面,0,中性,隐含情绪,自卑,0
20757,这个设计的挺好的，每天睡觉之前和孩子互动，孩子特别喜欢,1,负面,1,负面,显性情绪,,0
71409,回复：其实不用太在意别人 因为每个人都是独立的个体 跟她们一块除了闲聊八卦别的什么都得不到 自强才是根本 你可以多出去学习或者走走 少在宿舍呆着过几天她们就来贴你了,0,中性,0,中性,中性,中性,1
8463,回复：我以前也是这样，但上了大学之后我就逼着自己去改变，不然以后工作，面试，社交真是要死了，这几年也算是小有成果,1,负面,0,中性,显性情绪,,0
6892,回复：老师把我叫上讲台 开始质问我 生物老师是女生 挺年轻 差不多20多岁 在批评的时候政治老师刚好进来 看到了这一幕 那时候我心彻底凉了 因为我知道他肯定会把这件事告诉我们班主任 (英语老师 班主任 女生 四十多岁 ) 后来生物老师让我抄了知识点 没啥事了 就在今天 上英语课的时候 我没发现卷子 便上去问老师要卷子 但是老师却说别人都有怎么就你没有 后面反正态度很差（可能是我没送上礼的一些原因 我们老师弄得一个补课班 大部分班了同学都去了）后面极不情愿的甩给我一张卷子 我下讲台后 她还说了一句生物还打小抄的 一开始担心老师的看法 现在更担心了 不过更加担心同学眼里的看法 自己班上的同学该玩还是玩,1,负面,1,负面,显性情绪,,1
39051,教室里为什么不让留人,0,中性,1,负面,中性,中性,0
19118,回复：或许我也有这样一个朋友，可能因为她不会表达其他的更多的东西，所以我总感觉她是空的，直到我听她讲，慢慢引导告诉她一些道理，听她讲除事物之外的道理，她能满一点点，但除此之外，好像都还是空空的，所以我大多时候把她当小孩子去对待，具体情况你自己看吧，尊重个体差异，尽力就好,1,负面,0,中性,显性情绪,,1
15315,能接受就有一个女儿和和美美，不能接受别说孙子孙女女婿了，连女儿都没有了，爱咋咋滴，谁都不是为别人活的,1,负面,1,负面,显性情绪,,1
1921,我差不多就这样。每次看到部分内容，心想，老师会出关于这的题，不可能吧。遂，略过。 打开试卷。完辣！嗨，你还真考这个啊。,1,负面,1,负面,显性情绪,,1
26658,以前老师体罚学生#校园#体罚教育,1,负面,0,中性,隐含情绪,委屈,1
1205,怎么ip甘肃了,1,负面,0,中性,显性情绪,,0
12601,一看到爸妈吵架，就心烦,1,负面,1,负面,显性情绪,,1
64207,#校园#高中生心理状态#师生关系,0,中性,0,中性,中性,中性,1
38447,回复：放松放松，会好的,0,中性,0,中性,中性,中性,1
13388,到现在我还是随时都可以哭出来，可能接受至亲离世真的需要一辈子吧,1,负面,1,负面,显性情绪,,1
33155,小升初暑假衔接总复习，赢在起跑线,0,中性,2,正面,中性,中性,1
64325,上课讲到一半炫耀自己赛课得了第几名，班里同学起哄说“哇”她还以为我们在夸她,0,中性,2,正面,中性,中性,0
40133,老婆的都不洗，哎呀,0,中性,0,中性,中性,中性,0
36661,我不是那种有规划的人...我就一直跟着学校的,0,中性,0,中性,中性,中性,0
8692,偏心，不想放手,1,负面,0,中性,显性情绪,,1
51606,回复：好友删了应该同步也看不到吧,0,中性,0,中性,中性,中性,1
7425,主播想看那种小众一点的 不像南洋小岛 我家里很穷这种很经典著名的 这种主播已经看了无数遍了哈哈 主播比较喜欢像《暑假的回忆》这样的 大家推荐的我都会去看 然后去推荐大家看一下小丸子的朦胧小剧场特别细腻 二编：看到大家的分享真的好幸福呀 感觉世界各地的人都因为小丸子而产生共鸣（语言匮乏中）喜欢和大家聊天呀 三编：想收一套小丸子漫画 和《桃子手记》谁能助力主播 #樱桃小丸子#小丸子,1,负面,1,负面,显性情绪,,0
3456,受教了🥺领导说的保持饥饿感是连水都别喝,1,负面,0,中性,显性情绪,,1
26436,你好我想问一下，我觉得我的老师在针对我，今天上课我没有带书和别人和看，她让我回去做自己的事，这样我这一节课就听不到了因为讲的内容都是学案上的题目，可是之前别人没有带据我所知她都允许合看了，我课后就去问她为什么，她说因为我上午没有去借或者找她解决，我说合看是我想的解决办法，并不知道她会不允许合看，为什么从我开始不允许，她说在我之前有两个同学她已经不允许过了，她没有理由针对我，我也相信她没有理由针对我，可是我后来去问那两个同学，他们也表示他们之前并没有经历过不允许的情况,1,负面,0,中性,隐含情绪,委屈/正面,1
54284,男主有个问题，一开始就不该容忍,0,中性,0,中性,中性,中性,1
25000,可能我真的有病吧，我一觉睡醒我觉得我是脑子抽了才写下这些文字,1,负面,0,中性,隐含情绪,愤怒,1
14338,回复：过于真实,1,负面,0,中性,显性情绪,,0
46216,写了吗让我看看吧 我也是,0,中性,0,中性,中性,中性,1
41956,应该是的,0,中性,0,中性,中性,中性,1
18104,回复：会一直支持有温暖的品牌的，每年都给我闺女买超多戴维贝拉的衣服，质量真的没的说建议可以考虑发起一下捐赠七八成新衣服的活动，我们家真的有很多衣服,1,负面,0,中性,显性情绪,,0
65196,不过你这是啥老师啊，字都打不清楚,0,中性,0,中性,中性,中性,0
25315,回复：在加油了,2,正面,2,正面,隐含情绪,正面,1
18476,#拯救职场不开心#高情商回复#每日一问#高情商话术#职场日常#同事关系#说话技巧#高情商沟通#发自内心的疑问#高情商小技巧,1,负面,1,负面,显性情绪,,0
64195,被相处近十年自认为最好的朋友毫不留情的孤立、排挤、撕逼，最后我被迫选择放手,0,中性,1,负面,中性,中性,0
62227,敬而远之,0,中性,0,中性,中性,中性,1
26159,回复：怎么看到我妈回消息了,1,负面,1,负面,隐含情绪,焦虑,0
3146,感谢老师，感谢命题组老师，感谢监考老师，感谢阅卷老师，感谢党和人民，感谢一切帮助过我的人，感谢一切，🙏感谢一切力量帮我成功上岸🙏🙏🙏,1,负面,1,负面,显性情绪,,1
14222,回复：刚来深圳进的比较大的地产开发公司，后来去了银行，再后来因为懒，不想上班，十年前离职到现在,1,负面,0,中性,显性情绪,,1
44315,回复：欢迎常回来看看,0,中性,0,中性,中性,中性,1
46612,我只看到了绩点被拉高,0,中性,0,中性,中性,中性,1
71387,感觉孤立跟过家家一样 我的话个人并不在意,0,中性,1,负面,中性,中性,0
25025,但还有一个想不明白的，为什么总是真假‘千金’，而没有真假‘少爷’,1,负面,0,中性,隐含情绪,委屈,1
7444,比较哲学的感觉 大概内容是姐姐早上算出丸子今天运气特别特别好 结果这一天差点发生很多让丸子倒霉的事（但都因为丸子运气好而躲过去了）在丸子的视角里今天是个很平凡的一天 但能过平凡的日子也是极其幸福的事,1,负面,1,负面,显性情绪,,0
24824,说出了社会你就知道了，父母都忍不了怎么跟别人相处,1,负面,0,中性,隐含情绪,委屈,1
62092,是的我家换了3房我才敢生二胎,0,中性,1,负面,中性,中性,0
3399,回复：我们班最早放,1,负面,0,中性,显性情绪,,0
60143,回复：预约了预约了,0,中性,0,中性,中性,中性,1
42896,你姐更惨，结了婚还要被妈妈打,0,中性,1,负面,中性,中性,0
38148,回复：没有，互掐一下,0,中性,0,中性,中性,中性,1
14708,19年，中秋节，因为离国庆很近，我想国庆再回家看我爸爸，所以我们一家三口高高兴兴吃完午饭，我哥哥打电话给我，说我爸爸走了，摔了一跤就走了,1,负面,1,负面,显性情绪,,1
35842,回复：噢噢噢噢,0,中性,0,中性,中性,中性,1
24706,在别的评论区底下看到的，我们这些牛马浑身上下只有内裤是纯棉的,1,负面,0,中性,隐含情绪,自卑,1
49065,一个孩子的精力是有限的，能学好课内知识，做好老师给的习题，比校外补课强多了,0,中性,1,负面,中性,中性,1
26453,尝试打破学生信任呢，把这些聊天记录全都发给他的家长，一定要让他知道他发给你的无论什么内容都会被他家长知道,1,负面,0,中性,隐含情绪,焦虑,1
25026,回复：我还看过穿成真千金的，干什么都要diss真千金一下，拜托呢，你占着人家的身份拿着钱你还要贬低人家，而且亲生父母一家都不是好东西，结果最后大家都包饺子，全书最惨之人是真千金，甚至真千金还是饿死在路边女主才穿过来的,1,负面,0,中性,隐含情绪,委屈,1
24691,硬盘：东芝 TLC 东芝是主流的硬盘供应商之一，虽然不如三星顶级，但TLC颗粒的性能和耐用性对于日常使用（拍照、App、游戏）完全足够，不必过分纠结,1,负面,1,负面,隐含情绪,自卑,0
519,#一点都不快乐#乱七八糟#希望你永远不懂#高中生的精神状况#理科生##不会再想回到高中了,1,负面,1,负面,显性情绪,,1
10468,我朋友女儿角色做的非常好，给家里4套房装修，买家具家电，弟弟结婚大几十万也是姐姐给的，出钱出力永远都是姐姐，但是依旧得不到父母的真爱,1,负面,1,负面,显性情绪,,1
16445,谁不想急头白脸的把贞德抱回家呢,1,负面,1,负面,显性情绪,,0
65366,回复：哈哈但是我的课代表都是淘小子，女孩我还是很少动手的，也有皮的,0,中性,0,中性,中性,中性,1
21800,封面是自己写的 这个配色怎么样#发一张你学习时的照片吧[PK]#,1,负面,0,中性,隐含情绪,焦虑,0
7192,回复：真出事，只有公职人员可能上去，家长很多是妈妈，爷爷奶奶辈，出工出不了力，不会上去,1,负面,0,中性,显性情绪,,0
67719,如果是因为不干净那就让他多洗几遍或者你看着同事洗，如果是单纯不愿意那就说清楚,0,中性,0,中性,中性,中性,1
17222,教过的小学生，初中生，高中生没有一个怕我的，真是不听我的话，怎么做能成为那种让学生听话的老师#学生和老师#老师,1,负面,1,负面,显性情绪,,1
61699,一个有做头发，有做美甲，天天化妆并且朋友圈还有去旅游的照片居然申请上了特别贫困,0,中性,0,中性,中性,中性,0
19289,回复：确实哈，稍微有开心一点了,1,负面,1,负面,显性情绪,,0
2281,你怎么学的呀呜呜呜,1,负面,1,负面,显性情绪,,1
68969,回复 我真棒,0,中性,0,中性,中性,中性,0
41887,我基本每星期都搞卫生间，感觉一个卫生间至少半小时，还只搞镜子，马桶，玻璃门,0,中性,0,中性,中性,中性,1
22670,🔥2026版AP Classroom 全科CB官方题库来啦 AP备考/国际生/老师备课都能用❗❗ ✅覆盖超全科目： 微积分AB/BC、预备微积分 微观经济｜宏观经济 计算机CSA/CSp｜统计 生物｜化学｜心理学 物理1｜物理2｜物理C力学｜物理C电磁 环境科学｜英语文学与写作 人文地理｜世界历史 📚题库内容： 按单元分模块练习题 选择题+简单题+完整答案 题量超大 知识点全覆盖 刷题提分、考前冲刺、备课刷题直接拿捏💯 ⚠️重要说明： 人文地理、世界历史只有选择题 其余科目题型齐全 拿来就能刷 不用到处找零散资料 一套搞定全科AP备考✨ #AP考试#2026AP#APClassroom#CB官方题库#AP备考#AP微积分#AP经济#AP计算机#AP物理#AP生物#AP化学#AP心理#AP人文地理#AP世界历史#国际课程#AP冲5分,1,负面,0,中性,隐含情绪,焦虑/正面,0
23705,不过我见过很多明明高中大学那会都比我优秀的家伙，工作后反而生活在水深火热里,1,负面,0,中性,隐含情绪,自卑,0
9763,回复：也说危险危险什么的,1,负面,0,中性,显性情绪,,0
47554,苦命chem人,0,中性,0,中性,中性,中性,0
9771,不知道有他们说的那么乱没有笑死真的醉了,1,负面,0,中性,显性情绪,,0
11192,试着把那份想要温暖别人的热情，先留给自己,1,负面,0,中性,显性情绪,,0
5597,回复：是的，上午十二点十分下课,1,负面,0,中性,显性情绪,,0
50002,我们指责的偏心是两个人付出相同，甚至不被偏心的付出更多,0,中性,1,负面,中性,中性,0
23914,你们晚上上厕所会被老师罚款吗，我们当时高中熄灯后上厕所被抓到了就扣分还会跟班主任说感觉很神经病[完啦R],1,负面,0,中性,隐含情绪,委屈,1
25637,爸妈吵架后：欧包降价❗新店福利直接拉满❗️,1,负面,1,负面,隐含情绪,焦虑,0
18870,回复：不知道你朋友是不是这个样子的，反正我就是对方真的做了几次我无法理解的事，且我在第一次第二次第三次与她尝试沟通的情况下，我在表达我的诉求的时候他可能认为我在pua她，指责他，或者是不在意，然后我在心里给自己设了一个阈值，超出这个阈值我就直接断舍离，如果你已经反思了自己且已经找她再次沟通，要是体面一点还回你证明只是想关系降级不想撕破脸，要是一点不回你也别难过，这个东西就是有近有散，你会找到更适合你的人跟你一起玩，我觉得只要人不坏她肯定还是会祝福你的,1,负面,0,中性,显性情绪,,1
5336,尊重个体差异性,1,负面,1,负面,显性情绪,,0
14404,杨元松老师将这些日记整理出版，让我们有机会走进这些孩子的内心世界，感受他们的喜怒哀乐,1,负面,0,中性,显性情绪,,0
11958,回复：我30了还被打,1,负面,0,中性,显性情绪,,1
41875,回复：你住哪儿呀,0,中性,0,中性,中性,中性,1
50219,还有就1饼干的,0,中性,0,中性,中性,中性,1
30218,学文科到底有什么用,0,中性,0,中性,中性,中性,0
17151,哎#颓废的人生赞歌#难绷的生活#高三精神状态#我有一点小情绪,1,负面,0,中性,显性情绪,,1
68153,谁拿了1k啊,0,中性,0,中性,中性,中性,1
25627,只是这世界并不是人心思维都一样，不是所有的孩子都是能共情父母，所以也不会所有的父母都共情孩子,1,负面,0,中性,隐含情绪,委屈,0
25114,对，我觉得是因为父母不会处理自己的情感,1,负面,0,中性,隐含情绪,委屈,1
64847,可能你是一个特别好的老师吧,0,中性,0,中性,中性,中性,0
73225,回复：好庆幸读了语言班,0,中性,0,中性,中性,中性,0
16541,当面跑过来恶心你，一次又一次的怎么办,1,负面,1,负面,显性情绪,,1
4930,回复：点了，这样跑真的很难受,1,负面,0,中性,显性情绪,,1
35175,一定要在考试成绩出来前发,0,中性,0,中性,中性,中性,1
5896,^ ^,1,负面,0,中性,显性情绪,,0
4993,哈哈每次跑黄色的线的时候都自我催眠，如果这都坚持不了那将来还能做成什么，一直重复，就会转移注意力了,1,负面,0,中性,显性情绪,,0
748,好啦至少这次牢精给大家放了6天,1,负面,0,中性,显性情绪,,1
68711,第三次沟通选择在她被另一个朋友伤到的时候将心比心肯定她受伤的情绪，以及说明我其实也有过这样的情绪还有我是怎么排解的,0,中性,0,中性,中性,中性,1
23442,但这并不妨碍你的持续努力,2,正面,2,正面,隐含情绪,正面,1
53551,其实在马来西亚的市场丟价的现象也越来越严重了,0,中性,0,中性,中性,中性,0
19381,回复：根据我的观察，他们人际关系也不好,1,负面,0,中性,显性情绪,,0
2436,咱俩同命，昨天都崩溃了，晚上失眠,1,负面,1,负面,显性情绪,,1
26999,敏感可以，但别人不是你父母，不是全世界都得包容你的敏感的……,1,负面,0,中性,隐含情绪,委屈,1
42139,回复：对的 还不是很甜,0,中性,0,中性,中性,中性,1
25411,我知道不该自己贬低自己，但是就是会忍不住，一直在想是我不够好，分班之后也不愿意再和别人社交，只有之前那几个好朋友,1,负面,0,中性,隐含情绪,焦虑,1
7513,有的很焦虑的家长真的会发很模糊但是很宏大的诉求 比如我课前发消息确认这个讲义可不可以 家长根本不看 只是一味地复习、巩固、提分，假大空词汇输出中.....当然我也很能理解这种心情，这时候就顺着他说点这种没味的屁话，给家长点情绪价值就好了,1,负面,1,负面,显性情绪,,1
51647,真的很不错，虽然拜托了老板帮我找机器，但是自己也忍不住天天去各种平台找，找到了之后还老是打扰老板，老板也很耐心的给我解答很多时候回复的还很快，顺便还会给我讲一些iPad的知识 很不错，很不错超级好评,0,中性,0,中性,中性,中性,0
35636,要看目标院校是否要求哈,0,中性,0,中性,中性,中性,1
44133,買了，根本沒用,0,中性,1,负面,中性,中性,0
24198,你要是想考80多分儿、85以上，那你都得冲着一百分儿复习，就是你这卷子什么都会，咣咣咣都写出来了,2,正面,2,正面,隐含情绪,正面,0
22144,贵阳勒每天要遭笑死,1,负面,0,中性,隐含情绪,愤怒,0
19832,回复：找朋友呀 没事闲聊打打电话,1,负面,0,中性,显性情绪,,0
26823,我就是从幼儿园到大一一直被也不能说孤立吧 大家都不太愿意和我玩,1,负面,0,中性,隐含情绪,委屈,1
4307,高考没考好不可怕，可怕的是你从此失去了做所有事情的勇气,1,负面,1,负面,显性情绪,,0
18848,我是那种会断崖式和别人绝交的人，但都是有原因的，至于为什么会选择这样的方式，是不愿意和对方起冲突，也不愿意解释原因，因为说完自己care的点后，对方也会解释或者不理解，既然已经做好准备断联了，就想平静退场，不想再因为这个问题点反复交谈了，说白了就是说都懒得说，我已经准备放弃你了，要么就是我发现和这个人三观不合了，要么就是你算计我被我发现了…,1,负面,2,正面,显性情绪,,1
33817,回复：是的，广东招到1w1 624排位9k,0,中性,1,负面,中性,中性,1
10605,回复：那你骂他,1,负面,1,负面,显性情绪,,0
45342,你跑这么远上学怎么也得不到人文关怀,0,中性,1,负面,中性,中性,0
64726,后面对眼睛好点，只要前面人不挡着黑板,0,中性,0,中性,中性,中性,1
23194,我父母从来不管我的学习，我一直觉得这是件好事,1,负面,0,中性,隐含情绪,委屈,0
27202,初中放学怎么早嘛,0,中性,1,负面,中性,中性,1
6693,回复：真是随机吓到一个外地人的程度 感觉这种在我ip一个月800够了,1,负面,1,负面,显性情绪,,1
18183,回复：我们初中，有的学校五六年级就开始分了,1,负面,0,中性,显性情绪,,0
73360,8年也一样，这会想再找个兼职[扶额R],0,中性,0,中性,中性,中性,1
52165,没送礼物呢,0,中性,0,中性,中性,中性,1
24425,也有点偏科,1,负面,1,负面,隐含情绪,焦虑,1
24136,家长不辅导，老师负责让孩子过，老师用什么方法负责，家长也别管别投诉就好了,1,负面,0,中性,隐含情绪,焦虑,1
32687,好好生活,0,中性,0,中性,中性,中性,1
57256,所以还是那句话，想清楚不要是看段文字刷几个短视频就拍拍脑门觉得这样生活真不错我就这样活了,0,中性,2,正面,中性,中性,1
63923,认真的说,0,中性,0,中性,中性,中性,1
37159,回复：好像是真的,0,中性,0,中性,中性,中性,1
66607,我有点不懂啦 校服不是最基础的么 学生上学不穿校服穿什么,0,中性,0,中性,中性,中性,1
59506,你是个聪明人，真的,0,中性,0,中性,中性,中性,1
4431,回复：去倒是能去外地211但是可能招北京的就一个,1,负面,0,中性,显性情绪,,1
35557,美本转学保录有吗,0,中性,2,正面,中性,中性,1
32043,Chain validation failed? 怎么突然有了这个提示[抽泣R][抽泣R]昨天还好好的啊[抽泣R]现在登陆也登陆不上[抽泣R][抽泣R],0,中性,2,正面,中性,中性,0
12168,回复：正在蓄力中,1,负面,0,中性,显性情绪,,0
9826,回复：抱抱你(っ´ω`c)♡,1,负面,0,中性,显性情绪,,0
8941,回复：那你俩更有趣呀,1,负面,0,中性,显性情绪,,0
6776,愿你们带着勇气和梦想， 奔赴更广阔的未来🌷 #毕业礼物#毕业礼物推荐#送学生的礼物#学生礼物#毕业礼物送同学#学生礼物#学生礼物推荐#学生奖品#如何奖励学生#奖励学生,1,负面,1,负面,显性情绪,,0
70333,如果说就是背地里一直说我丑+性格奇怪然后带着他们一圈人孤立我对我态度奇怪的话算霸凌吗,0,中性,1,负面,中性,中性,0
44367,这个床的尺寸不是很好买,0,中性,0,中性,中性,中性,1
9278,回复：袁本初我看你也是风韵犹存（bushi）,1,负面,0,中性,显性情绪,,0
19203,回复：好的好的，我看什么时候真的要和她们好好说了，不然感觉真的不好在寝室呆下去呢，谢谢你,1,负面,1,负面,显性情绪,,1
45007,#红薯地经验指南#思辩少年商学院#思辩少年创业营#义乌研学#财商研学#财商教育#暑假研学#小小创业家#引导式教学#成长,0,中性,0,中性,中性,中性,1
62308,人都只活一次，别因为这些不值得的人浪费自己一辈子去为他们苦恼,0,中性,1,负面,中性,中性,1
7818,回复：您好，很抱歉,1,负面,0,中性,显性情绪,,1
22062,室友都是好宝宝，但是好人不能解决需要独处的问题,2,正面,0,中性,隐含情绪,正面,1
25779,回复：学会做一个精致的利己主义者之前上小学的时候被老师说清北的很多利己主义者，不要学他们现在终于意识到他们有多么的正确,1,负面,0,中性,隐含情绪,委屈,1
20527,然而，在我已经完整解释清楚、证明正规的前提下，学妹没有提前告知、没有经过我任何同意， 直接把我的私人微信界面原封不动、不打码，发进我们学校的400人新生大群1群（见图2）…（我不在这个群） 事后是我上面的负责人在我们的新生3群里为我撑腰（图3、4、5），我才知道她挂了我这件事，我真的很力竭啊…你有什么事为什么不能当面和我说，你要把我挂群里，后头我的负责人加上她好友，跟她说她这样不太好，她才来向我道歉，还说她不知道这个是挂人，只是担心这是骗局，想多问问学长学姐确认真实性…[呃R]事后又在大群一群里公开向我道歉（见图14）事到如今我也是真的很没招了，自从卖校园卡以来被无数学弟学妹当成骗子…而且有时候加上他们的时候给学弟学妹发了自己的专业班级姓名，对方却不说自己是叫什么名字，学姐好歹也是你们的学姐啊…一点大学的社交礼仪也不懂…还有前几天耐心回答一个学妹的问题，学妹还夸我是宝藏学姐…结果第二天问她校园卡的事情就冷暴力我到现在…真是没招了学姐只是卖个校园卡不是骗子#校园卡#大学生#社交礼仪#校园卡办理#民间招生办#别惹大学生#大学生兼职,1,负面,0,中性,显性情绪,,1
11717,回复：想逃 但是又不想走到报警那步,1,负面,0,中性,显性情绪,,1
2810,好快啊这就过去了,1,负面,0,中性,显性情绪,,0
69928,可不是么 虽然每个人都能说话 但是没有一个是真正玩的好的 因为她们也有自己玩的好的 所以又感觉自己没朋友,0,中性,1,负面,中性,中性,0
23915,原神才玩九分钟，知足吧，原神光打开就得七八分钟了,1,负面,0,中性,隐含情绪,自卑,0
36984,能不能给点建议,0,中性,0,中性,中性,中性,1
54382,我们家不这样，那些是穷的家庭,0,中性,0,中性,中性,中性,1
25101,如果要概括，我只能说我的父母不是称职的,1,负面,0,中性,隐含情绪,委屈,1
70541,1. 通过冷暴力制造内疚感 被沉默的人通常会觉得自己做错了什么，开始反思并试图修复关系，而施加者则通过这一行为掌控局面,0,中性,1,负面,中性,中性,1
26116,评论都是让她搬离父母的，她不一定会搬,1,负面,0,中性,隐含情绪,委屈,1
10435,3.听一个朋友说的故事：她的一个朋友结婚后，她的父母就跟她说没事就不用总回娘家了，过年的时候她想回去她的父母也说不用回来了，还说家里的房子以后就留给哥哥了，你是女儿嫁人了就不再属于这个家,1,负面,0,中性,显性情绪,,1
37674,其实我不太打算在北京就业,0,中性,1,负面,中性,中性,1
23740,我的想法是，反正最后都冲不起来，还不如开始争取点时间,1,负面,1,负面,隐含情绪,自卑/正面,0
26738,非常同意，我朋友给我妆造出片了，但是把原片（虽然也很好看）在我发朋友圈前发了她的社交软件，发在QQ的时候没问我，发在微信之前当面问我了，但我不好意思拒绝也算了,1,负面,0,中性,隐含情绪,焦虑,0
183,一个人就一个人 其实一个人很爽 价值观不同就不用再一起玩了 硬在一起玩也是消耗你自己,1,负面,1,负面,显性情绪,,0
37574,无所谓了，就这样吧,0,中性,0,中性,中性,中性,1
41771,回复：同道中人,0,中性,0,中性,中性,中性,1
14592,@🌸,1,负面,0,中性,显性情绪,,0
3994,比较是偷走幸福的小偷，是这样子的,1,负面,1,负面,显性情绪,,1
11244,我应该是要放弃追求和谐原生家庭哈哈 跑得远远的当个不孝女算了,1,负面,1,负面,显性情绪,,1
58462,20多年教龄高中老师忍不住给你点个赞,0,中性,0,中性,中性,中性,0
855,确实啊，哪像你从小到大没吃饱,1,负面,0,中性,显性情绪,,1
72651,我也是关注到他俩室友其实一开始都挺考虑他的,0,中性,0,中性,中性,中性,1
26439,加上我性格内向敏感，在学校大多时间独处，人际关系不好还有老师针对,1,负面,0,中性,隐含情绪,焦虑,1
2378,: 上了初一真的难,1,负面,0,中性,显性情绪,,1
4144,一样[泪崩R]高考还不错毁在志愿了,1,负面,1,负面,显性情绪,,1
10719,规训的同时又存在着各种不公平，不断的引发矛盾，对立愈演愈烈,1,负面,0,中性,显性情绪,,1
10999,低精力人真的被折磨下来只想死,1,负面,0,中性,显性情绪,,1
8847,慕名去搜了真的不对劲而且评论区风向也很可怕啊,1,负面,1,负面,显性情绪,,1
4013,天哪，姐妹，你这个分数挺好的了呀,1,负面,2,正面,显性情绪,,0
66954,我高二也是有很明显的躁郁症症状,0,中性,1,负面,中性,中性,0
35613,回复：春春下次来我们学校好不好,0,中性,0,中性,中性,中性,1
3733,回复：当时觉得它的腿细长细长的 好好玩 就拍下来了哈哈,1,负面,0,中性,显性情绪,,0
16259,这妈妈不是一般人，付出的太多了,1,负面,1,负面,显性情绪,,0
23975,多数家长的错误管教，都是在加重孩子的内耗,1,负面,0,中性,隐含情绪,焦虑,1
29326,也试了耳罩，3号戴着箍脑门，5号太夹头（后来在宽物体上戴了一段时间有改善），又买了1号，平躺戴着没啥不适感,0,中性,0,中性,中性,中性,1
24704,回复：后山满了,1,负面,0,中性,隐含情绪,自卑,0
53319,像布石✖️石剪cp,0,中性,0,中性,中性,中性,1
46676,” 区别在于： 前者是对“网友”和抽象舆论道歉,0,中性,0,中性,中性,中性,1
71294,下面给你一套简单、能落地、不尴尬的度过方法,0,中性,0,中性,中性,中性,1
1378,喔~原来如此,1,负面,0,中性,显性情绪,,0
9347,这个怎么样呀，可以留吗,1,负面,1,负面,显性情绪,,0
18416,回复：一模一样妈呀 给我都整内耗了,1,负面,1,负面,显性情绪,,1
45179,单纯交流，没有吐槽老师意思,0,中性,0,中性,中性,中性,1
49693,回复：我就是大连的我还去哪看,0,中性,0,中性,中性,中性,1
32705,1.网友红领巾老师介绍：网友红领巾老师的视频解析在小破站，粉丝260w+，有很多季模考的复盘、建议先做题再听讲解,0,中性,0,中性,中性,中性,1
20899,今早上我忘了没带钥匙，同事连门都不开，我等了1个多小时，9点半他们才来……我的直属领导告诉我她没办法了……,1,负面,1,负面,显性情绪,,0
55559,原生家庭的控制分很多种，不让读是一种，读了之后提高价值更好的卖命也是一种,0,中性,1,负面,中性,中性,0
58262,我时常认为“为了孩子不离婚”“离婚没那么简单”这样的说辞，只是不愿承认自己内心的怯懦以及逃避面对现实的遮羞布,0,中性,1,负面,中性,中性,0
15849,回复：太对了，我简直是我家的炸药包，表面上看谁也不敢惹我，其实在我这里所有人都在惹我,1,负面,1,负面,显性情绪,,0
4792,我很喜欢上学，甚至很喜欢考试，因为做卷子有标准答案，考试做对了就能拿高分，成绩好了周围所有人都会对你友好，非常有正反馈,1,负面,1,负面,显性情绪,,0
37116,在上班，查分的时候在厕所偷偷查的,0,中性,0,中性,中性,中性,1
40503,回复：有没有可能学生已经忍很久了，今天第一次开口,0,中性,0,中性,中性,中性,1
17370,让其他同学眼红被选中的“幸运儿”，把师生矛盾转移到学生内部 4.没眼缘,1,负面,0,中性,显性情绪,,1
26716,我室友里不会有同门，因为我导今年只收了我一个,1,负面,0,中性,隐含情绪,委屈,0
64800,回复：教资如奶油般化开,0,中性,0,中性,中性,中性,1
36960,回复：就是登录查的 其实会早放出来,0,中性,0,中性,中性,中性,1
24278,小组作业水在里面不会被说吗,1,负面,0,中性,隐含情绪,委屈,0
17165,我也是江苏的 我们这边还是苏北 说实话 都说江苏这边是教育大省 但是实际上只有感觉只有苏南那边人家那边真的就是有学习 然后也有一些研学什么的 我们苏北这边反正我们学校虽然说是也是重点高中 但是真的就是压缩的很紧 感觉每周都在考试 我们已经一轮复习四十几天了 暑假等于没有 但是每天我感觉时间不够 我本开基础不好 破学校 天天压榨我们 然后我个人心态不好 容易内耗焦虑,1,负面,0,中性,显性情绪,,1
72459,全员被迫妄想受害者,0,中性,0,中性,中性,中性,1
25341,跟父母说生了孩子养育他是父母应尽的义务，不养还犯法呢，或者直接养老警告（这样很不好但是对于这种父母不算过分）,1,负面,0,中性,隐含情绪,委屈,0
72148,因为这个人对你一直都很好，然后你俩经常推心置腹最后就告诉你这个谁谁不好那个谁谁不好，你觉得这个人特别特别为你好，而且觉得你俩是好盆友，得跟人家站一起，结果没想到最后就是这个人带头孤立你,0,中性,1,负面,中性,中性,0
16206,🥺💖💖💖我一直有想鸭脖和爸爸除了黑眼圈其他的相似度有点低呢www可能是遗传妈妈比较多👍,1,负面,0,中性,显性情绪,,0
30852,我懂，我就是这么过来的_(:з)∠)_,0,中性,0,中性,中性,中性,1
8198,中关村的教育是不是真的要抛弃普娃了😭,1,负面,0,中性,显性情绪,,1
25368,回想起这段记忆，越发的觉得羞愧，觉得小时候都虚荣心对不起父母，明明他们一直努力工作，卖力的做生意，给我提供更好的环境和和生活,2,正面,1,负面,隐含情绪,正面,0
53276,回复：干得好👍,0,中性,0,中性,中性,中性,0
54762,智者看山是山，愚者指沙作岳,0,中性,0,中性,中性,中性,1
29089,在宿舍打电话还要被蛐蛐电话内容,0,中性,1,负面,中性,中性,0
9198,不行，我个人比较注重隐私，我不能接受任何人查看我手机,1,负面,1,负面,显性情绪,,0
9545,你妈妈和我妈妈说的话基本上一模一样什么“林黛玉”，“你太敏感了”，“我说什么都是错的”,1,负面,1,负面,显性情绪,,1
53203,” “你看看爸妈对你多好，鸡腿一直都是你吃，以后要孝顺爸妈,0,中性,0,中性,中性,中性,0
24438,你要相信你难别人也难，至于那些能做出来的，本来你们也不在一个竞争赛道呀,1,负面,0,中性,隐含情绪,自卑,0
18268,我家的当时就骂后面的孩子然后他自己也一直哭唧唧的，我说别人没有推你，他不听，我说你冷静下来我再跟你好好说,1,负面,1,负面,显性情绪,,0
23301,反正我是没学，这个也看周围人都学不学吧，如果以后孩子能自己努力学，也能学好，我就是跟着学校学到这样的,2,正面,2,正面,隐含情绪,正面,1
68103,individual contributor ?,0,中性,0,中性,中性,中性,1
23429,回复：会看学历，但我面试的企业真不怎么看我啥学校毕业的,1,负面,1,负面,隐含情绪,焦虑,0
25416,主要是现在兼职也难找，又要上课又要兼职时间不好分开毕业都找不到工作兼职更是难,1,负面,0,中性,隐含情绪,委屈,1
21100,回复：是啊，这明显就是不派活，不重视，边缘化,1,负面,0,中性,显性情绪,,1
60952,加一加一，是叠加态,0,中性,0,中性,中性,中性,1
62969,这款软件底层逻辑设计的很科学合理，而且老师在育儿和引导孩子积极性上给予了很大的启发，特别是沐一老师坚持每天听取孩子的阅读并给予鼓励，情绪价值拉满，孩子的主动性比较高，为老师和田博士点赞👍👍👍,0,中性,1,负面,中性,中性,0
72595,我觉得糟心小孩的家长也不咋样,0,中性,0,中性,中性,中性,0
72173,回复：求求万能的网友帮我找一下这张图，我很久之前的微信头像，找不到了,0,中性,1,负面,中性,中性,1
49243,班上前10的孩子都在补，只有他不补,0,中性,0,中性,中性,中性,0
26196,80后受过良好教育的父母，不会是大部分这样的,1,负面,0,中性,隐含情绪,委屈,0
54044,回复：是这样的，但我爹妈会嫌弃我考不进体制内，我真的想笑,0,中性,1,负面,中性,中性,0
27240,[亲一个R],0,中性,0,中性,中性,中性,1
19940,我很感同身受，初中时候我过的就是这种水深火热的生活，能感觉到身边的人一个个开始打量自己，上课时不自觉关注自己，这种感觉真的很难受，像是被所有人监视，一举一动都被关注，有时候还会对自己的行为做出评判，下课后或是私下里都会被议论，甚至可能会扭曲事实，造谣说出一些东西，例如插别人队，骂别人之类的，但这些其实听起来挺可笑的，那个时候身边一些从熟络变得冷漠，到最后厌恶自己，开始在私下里对自己谩骂，但自己却不知道怎么了，不明白大家为什么讨厌自己，我私下里反思过，或许是因为自己的内向，当别人对自己攻击谩骂，我不知道怎么回应，只能无措，到最后变得更加封闭，不怎么跟人聊天说话，无意间有听到同学觉得自己不尊重对方,1,负面,0,中性,显性情绪,,1
36217,仰仗所有网友的功劳,0,中性,0,中性,中性,中性,1
52382,整体来看，你的配置亮点在于摄像头模组，屏幕也属于不错的水平，日常使用完全没问题,0,中性,0,中性,中性,中性,0
22870,还有九天高考，语法考点和作文不太熟，总分大概在110左右，想努努力多分析分析高考题，然后其他题保持一下手感，背背作文语料，高考有机会冲到120+吗,1,负面,1,负面,隐含情绪,焦虑/正面,0
59512,明明刚从飞机落地那天还不是这么说的,0,中性,0,中性,中性,中性,1
68554,通过贬低和伤害他人，他们试图获得一种虚假的力量感和控制感，转移对自己弱点的注意力，或证明自己不是“最底层”的,0,中性,1,负面,中性,中性,0
60429,喂鸡用的那种水桶很好用,0,中性,0,中性,中性,中性,0
59930,带回家了，还不乐意分开，硬要挤在一个箱子里,0,中性,1,负面,中性,中性,1
26442,回复：那会不会因为放飞自我成绩下滑啊,1,负面,0,中性,隐含情绪,焦虑,1
56274,每个人都在自己的家庭系统里，找到了一个当时唯一能活下去的位置,0,中性,0,中性,中性,中性,1
16488,Hyrox抖音官方直播在张继科比赛说张继科发力动作不对，动作不标准，当然这也没什么，即使这样张继科也完成了他的所有项目，本来就是跨界，粉丝也无所谓说他是不是那么标准，但是主播还在这个过程中带有主观偏见的发表张继科什么裸考，没准备划水，继而说张继科应该参加麻将比赛和参加综艺节目，综艺节目不需要流汗这样带有污蔑侮辱的语气,1,负面,0,中性,显性情绪,,1
2511,哈哈哈彬，我做大题的时候一边胡写一边微笑，人在无语的时候真的会笑,1,负面,1,负面,显性情绪,,0
15672,我变了，她也变了…我喜欢看小说，但我只会在所有功课都完成后稍微放纵一下自己，我喜欢看耽美，仅仅是羡慕他们有人爱，我喜欢，也向往……却被骂变态、不要脸、有病、神经病…可我又有设么错,1,负面,1,负面,显性情绪,,1
60424,回复：四五天完全不用 我家3只猫,0,中性,0,中性,中性,中性,1
26659,以前老师体罚学生校园#体罚教育 #猫meme小剧场,1,负面,0,中性,隐含情绪,委屈,1
55672,从小强势的妈懦弱的爸 被管控的根本没有主体性 就现在自己家教可以赚钱了 存了点小钱 钱方面不用靠她们了 才慢慢开始培养自己的主体性,0,中性,1,负面,中性,中性,0
22020,我旅不起游，换不起手机，拿不出材料，也收不到钱，还得给比我过的好的同学们审材料,1,负面,0,中性,隐含情绪,自卑,1
57127,甚至没有他微信,0,中性,0,中性,中性,中性,1
26106,回复：所以父母把资源不留给子女也是正常的,1,负面,0,中性,隐含情绪,委屈,0
63439,评论区关注点：大家讨论最多的是孩子很自立、家庭氛围好，也有人关心怎么培养孩子自主性、上课安排、学习工具、家务习惯，以及家里一些物品信息,0,中性,1,负面,中性,中性,1
8415,一般孩子确诊自闭症都是3岁左右，我家大宝比弟弟大4岁，这个时候其实已经上一年级了,1,负面,0,中性,显性情绪,,0
42991,国网路过，不收手机但是不让出去,0,中性,1,负面,中性,中性,1
20603,关键是就算说忙，却有大把时间忙自己的爱好或者什么事情，可以周末一天出去玩不理我，不可以花几秒钟回我一条消息,1,负面,1,负面,显性情绪,,1
15535,人注定死亡，而死亡注定承受痛苦，因此我认为生命的喜乐在最开始就是负数，从这个方面反而是有仇才对,1,负面,1,负面,显性情绪,,1
9841,真的，我刚上大学那会儿，对于别人的恶意和针对根本反应不过来，我甚至不认为那是恶意，因为我家里人都是这么对我的，被狠狠霸凌之后才开始知道那些事情是恶意自己会觉得不舒服，以前的很多认知是不对的你就说我恨不恨吧,1,负面,1,负面,显性情绪,,1
24099,另一个孩子现在几乎每天都被老师叫到班级后面罚站,1,负面,0,中性,隐含情绪,委屈,1
851,这些交通工具的活动密度不比宿舍大吗,1,负面,0,中性,显性情绪,,0
25220,你选择用一种更理性的态度去审视这份关系，接纳父母的不完美，也接纳自己内心的矛盾情绪,1,负面,0,中性,隐含情绪,委屈,0
25350,如果被母亲说“你就是不会投胎”该怎么回,1,负面,0,中性,隐含情绪,委屈,1
23898,比我预想的要好很多，质量很好，也好安装，推荐,1,负面,0,中性,隐含情绪,自卑,0
26709,有一个分开了一个月，她已经交到了好朋友，完全融入不了了,1,负面,0,中性,隐含情绪,孤独,1
6421,老师您好，北京贯通看报道在樱花园，那住宿还有可能是去芍药居吗😭,1,负面,0,中性,显性情绪,,0
9280,回复：我没玩过啊，是看到这个视频里的内容,1,负面,0,中性,显性情绪,,0
16453,心急则味散,1,负面,1,负面,显性情绪,,0
2694,回复：确实还可以惹就是比三模低太多意难平，但抛开分数看排名还是差了不少,1,负面,1,负面,显性情绪,,0
2628,基础学成这个鬼样子考92还有希望吗😭,1,负面,1,负面,显性情绪,,1
70123,回复：道不同不相为谋，我男生性格内向，当时作息和他们完全不一样,0,中性,0,中性,中性,中性,1
8169,回复：我打了一个字，100+,1,负面,0,中性,显性情绪,,0
66879,支持活动,0,中性,0,中性,中性,中性,0
26456,我遇到过，家长说要让我死，还发了语音来，我至今保留文字,1,负面,0,中性,隐含情绪,焦虑,1
34051,从实用主义哲学的角度补充一下 杜威在提出思考的本质是解决问题的探究过程：个体的独自思考是探究的起点，但只有通过与他人的交流、讨论、验证，才能修正偏见、完善结论,0,中性,1,负面,中性,中性,1
38757,我觉得工作比读书苦,0,中性,0,中性,中性,中性,1
7667,回复：谢谢，可是时间真的有点来不及，好像一切都不能按我如愿也不能我怎么舒服怎么来,1,负面,1,负面,显性情绪,,1
25232,是的还足够尊重，但是父母不是这样的，他们能轻易的说出滚出我家，有本事一辈子别找我们，只会把情绪发泄在我们身上，总认为他们高我们一等，总是不尊重我们，只是不愿意承认，因为承认在他们眼中就等于自己在孩子眼里地位的下降,1,负面,0,中性,隐含情绪,委屈,1
35351,回复：我们不会公开贫困生信息,0,中性,0,中性,中性,中性,1
15198,回复：我觉得你对,1,负面,0,中性,显性情绪,,0
917,完全是这样的😭😭😭,1,负面,0,中性,显性情绪,,1
24743,我们都一直在往外掏钱，弄的我和我老公因为这种事吵架,1,负面,1,负面,隐含情绪,焦虑,1
26772,反之，那她们就会说你不及时发消息，快截止了才发，导致时间不够,1,负面,0,中性,隐含情绪,焦虑,1
14632,呜呜呜呜呜呜呜,1,负面,1,负面,显性情绪,,1
1203,唉但我这个分太尴尬了,1,负面,1,负面,显性情绪,,1
70978,回复：把他拉黑，赶紧跑姐妹，过一阵子他血包没了还会回吸的,0,中性,0,中性,中性,中性,0
8010,回复：等孩子长大了拧螺丝都机器人了,1,负面,0,中性,显性情绪,,1
22109,但耳罩的舒适程度是远比不上头戴式耳机的,1,负面,0,中性,隐含情绪,自卑,0
3937,回复：我是英语，英语比平时低了二十多分,1,负面,0,中性,显性情绪,,1
6637,在这个特别的日子里，祝愿所有帅气宝爸： 年年顺遂🏮 好运连连😉 职场一路开挂🚀 钱包鼓鼓💰 活力满满💪 颜值爆表😎 父亲节快乐,1,负面,1,负面,显性情绪,,0
55798,你还能锁房间，我甚至锁不了不让,0,中性,1,负面,中性,中性,0
22010,太佩服高中的自己了，有当时那个环境和毅力，现在考研肯定上岸了,2,正面,1,负面,隐含情绪,正面,1
73209,回复：我忘记来小红书看了我也是 不想看见那群人 她们其中有六个跟我同校 有一个还同班同宿舍,0,中性,0,中性,中性,中性,0
68662,纠结了很久，我决定遵从自己的内心，把她从我的世界里抹去，就像这个题主说的，头一天还好好的，第二天我就再也没有回过她一句话，就这么断崖了，现在看断的有点迟了，应该察觉到不舒服的时候就渐行渐远的,0,中性,2,正面,中性,中性,0
22419,#课间十分钟#学霸日常#校园随拍#高三#理科生#学霸#广州立行学校#广州艺考文化课冲刺#广州立行学校艺考文化课,1,负面,2,正面,隐含情绪,焦虑/正面,0
4639,主要就是对爱大执念太深了 完全不想去别的学校,1,负面,1,负面,显性情绪,,0
47615,这英文根本看不懂,0,中性,0,中性,中性,中性,1
5749,回复：留子的信仰就是：速冻即永生[捂嘴笑R]坚强,1,负面,0,中性,显性情绪,,0
23455,回复：宝宝 打电话不通可以去阳光高考网问或者看相近的 里面话会比电话里的老师直白 但是感觉可以试一下 但是不能挑专业 服从调剂是有机会的应该,1,负面,1,负面,隐含情绪,焦虑,0
1132,天呢好划算 俺在江苏这边 不算老也不算好的房子都得1000+,1,负面,0,中性,显性情绪,,0
37673,尽量京内吧，因为你最终还是会回到北京就业，北京企业基本很少去京外大学校招,0,中性,1,负面,中性,中性,1
65551,回复：辛苦你了，那就不理他，纯纯坏种,0,中性,0,中性,中性,中性,0
8130,回复：是的，不补课的学霸少之又少，大部分是摆烂的,1,负面,0,中性,显性情绪,,1
17909,回复：那你可能人如其名,1,负面,0,中性,显性情绪,,1
10007,怒dian,1,负面,1,负面,显性情绪,,1
1429,哇，不可能哇，你这可是人大啊,1,负面,0,中性,显性情绪,,0
2620,回复：我记得我当时有个大姐，40来岁，数学纯蒙，对不到5题，后来她照样考了人大，加油,1,负面,2,正面,显性情绪,,0
22696,虽然但是不知道河北难度怎么样，单看我们学校的话，每次考试普通班都会嚎难的我们班都觉得还好，平均分每次都能44多点,1,负面,0,中性,隐含情绪,焦虑,1
62305,如果你想拥有言论自由游行示威自由这些一般是在国外才能真正获得的自由的话，你就要承受国外的枪支自由以及在很多方面政府不会出面来保护你,0,中性,0,中性,中性,中性,0
16240,这就像有一道高年级的题目，你是低年级没学过也解不出来是很正常的一回事，哪怕你长大了学习了更多知识比高年级还要厉害并且现在会解这道题了，那也是别人的答题卡,1,负面,1,负面,显性情绪,,0
46723,有点太侮辱境外势力了，实际上之前关于张桂梅的报道在海外全都是赞扬和敬佩，图上这种评论都是纯境内,0,中性,1,负面,中性,中性,0
58682,这只是一种现象，原因是小时候被父母暴力打压，贬低,0,中性,0,中性,中性,中性,1
61836,回复：我在看发言猜性别比赛里得到了第一名的好成绩,0,中性,2,正面,中性,中性,0
28430,回过头发现一切苦吃得都不值得,0,中性,0,中性,中性,中性,0
30916,最后就是如果要走美术生的道路高一完全来得及，我就是这个时候开始学的，保持好你的文化分优势，在美术生里很有竞争力,0,中性,1,负面,中性,中性,0
44100,然后根据娃的脸型，简单剪个清爽短发，比如两边推短，上面稍微留长，用剪刀修剪出层次感，简直了😎,0,中性,0,中性,中性,中性,0
26355,回复：我用了好多方法去融入他们就是融不进去,1,负面,0,中性,隐含情绪,孤独,1
9594,同款妈妈 在家做了很多事情很多家务 洗完碗忘记盖上盖子 她回家都会把我骂一顿 说做事情总是要她来收拾 永远看不到我的付出,1,负面,1,负面,显性情绪,,1
35900,我回山东老家给我表弟陪读了一个月发现这个作息比我们老家还不抽象，结果到高三了有同学在宿舍水房自己学到晚上十二点,0,中性,0,中性,中性,中性,1
55376,大可不必,0,中性,0,中性,中性,中性,1
13194,但千万不要躲起来痛苦,1,负面,1,负面,显性情绪,,0
22655,全国11个面授点+住宿全攻略 📍 面授集训城市：天津、上海、广州、杭州、长沙、武汉、昆明、西安、沈阳、南京、成都 🏨 分城市食宿详情： ✅ 天津（总部） 上课：天津金美达酒店 住宿：单人间180元/天，双人间90元/天（不含早） ✅ 上海 上课：慕思睡眠酒店（虹桥国家会展中心旗舰店） 住宿：单人间280元/天，双人间140元/天（不含早） ✅ 广州 上课：广州南航明珠空港大酒店 住宿：单人间200元/天，双人间100元/天（不含早） ✅ 杭州 上课：杭州东新瑞莱克斯酒店（新天地运河店） 住宿：单人间220元/天，双人间110元/天（不含早） ✅ 长沙 上课：宇成朝阳酒店 住宿：标准两人间130元/天（不含早），单人间150元/天（含早） ✅ 武汉（法考） 上课：白兰宴会酒店 住宿：标准两人间/单人间160元/天（不含早） ✅ 昆明 上课：铭春花园温泉度假酒店 住宿：标准两人间/单人间200元/天（含早） ✅ 西安 上课：西安宾馆（南门小寨店） 住宿：标准两人间/单人间180元/天（不含早） ✅ 沈阳 上课：沈阳富华酒店 住宿：标双150元/天、标单120元/天、标准3人165元/天（不含早） ✅ 南京 上课：南京万汇城酒店 住宿：标准两人间/单人间220元/天（含早） ✅ 成都 上课：成都刘家花园酒店 住宿：普双150元/天、豪双190元/天（不含早） #众合#法考#法考备考#法考众合#法考笔记#法考加油#面授#法考加油#26法考#法考学习打卡,2,正面,0,中性,隐含情绪,正面,0
7794,每次回来都会哭死，主要是又要一个人在异国他乡辛苦地生活，对家里倒没啥留恋的…,1,负面,1,负面,显性情绪,,1
26804,如果你父母经常欺负你，长大后别人也会欺负你,1,负面,0,中性,隐含情绪,自卑,1
61512,他这种行为本来就不对，是该离他远点,0,中性,0,中性,中性,中性,0
71172,感觉办校园卡学长学姐都没说清楚弊端，我之前的一个学姐上来就让我办卡，我都不知道有啥不好的地方，而且月租有点贵我也没办，后来进了学校才发现根本不需要校园卡，寝室里教室里都有网，我不打游戏就玩玩手机，一个月自己流量50个g加校园网也够用,0,中性,1,负面,中性,中性,0
7191,当然这么比也不公平，因为大学选拔模式不同,1,负面,0,中性,显性情绪,,1
67823,",🐬",0,中性,0,中性,中性,中性,1
12208,我是哀其不幸，怒其不争,1,负面,0,中性,显性情绪,,1
729,爽,1,负面,2,正面,显性情绪,,0
53150,​ ​农村离异女性的户籍，从夫家迁离后，大多数是迁回父母家,0,中性,0,中性,中性,中性,1
5903,回复：那就㊗️你有光明未来 狠狠摆脱各种缺德人,1,负面,0,中性,显性情绪,,0
26529,我靠，真的吗，我之前分数出来了看了一下没挂就没仔细看，结果今天才发现我的分数比别人低，关键我没旷课没请假没迟到平时作业分数也可以而且还有课堂互动，真的不知道为啥比他们低,1,负面,0,中性,隐含情绪,自卑,1
27100,老师来了还批评我，校长也来了，我直接噼里啪啦把我被欺负的一股脑儿说出来了,1,负面,0,中性,隐含情绪,委屈,0
22179,其实就是一堆牛马给有钱人打工卖身 不分文科理科哈,1,负面,0,中性,隐含情绪,自卑,1
24822,还有一点，孩子按照自己的判断父母错了，父母各种不承认，孩子会怀疑自己的判断,1,负面,0,中性,隐含情绪,委屈,1
61233,”在这个缺少爸爸的家庭里，我学会了独立，学会照顾自己，学会不让妈妈为我操心,0,中性,1,负面,中性,中性,0
40113,回复：嗯 挺傲的但不娇直男会莫名其妙,0,中性,0,中性,中性,中性,1
41737,重油污用什么清洁剂啊,0,中性,0,中性,中性,中性,1
12054,是的，我喜欢的明星说他想要一个孩子，因为想要像自己的妈妈爱自己照顾自己长大那样，去把这种爱给到自己的孩子,1,负面,1,负面,显性情绪,,0
59235,然后他也不怎么出去旅游啥的,0,中性,1,负面,中性,中性,1
34087,那浙江600分滑档上二本是,0,中性,0,中性,中性,中性,0
21416,回复：那你应该笑她，白白做了那么多,1,负面,0,中性,显性情绪,,1
47328,高三108张卷子,0,中性,0,中性,中性,中性,0
1721,要知道现在的网络环境，任何事情都有让找出可以批评的点,1,负面,0,中性,显性情绪,,1
10208,很失望 感觉这个世界默认重男轻女 即便是家里人尽力平等的对待孩子 在外界看来也是补偿女生 好像觉得之后女的 永远属于另一个家一样 其实另一个家似乎也不能完全融入 前期的弥补似乎可以给到父母自己安慰 实则不然只是虚假的公平 女性永远处于低处 似乎永远得不到公平 故意的弱化 不把他们当作是自己人 即便是女性本身 也会下意识的对同性有敌意 每个人都是独立的主体 什么时候才能让所有人意识到 一个人是完全独立于一个团体的存在 而不是依附任何一个社会身份 革命尚未成功 同志们仍需努力 #女性,1,负面,0,中性,显性情绪,,1
72091,尽到留痕义务，不用回，照样发,0,中性,0,中性,中性,中性,1
26759,我不怪没有做出伤害的行为，只是没有和我做朋友了的朋友,1,负面,0,中性,隐含情绪,孤独,1
17869,那这是美国、法国的问题，学校不管，家长也得管，未成年人性行为什么的也太恶劣了,1,负面,1,负面,显性情绪,,1
9050,回复：这是付费小手机，之前买了有售后群，现在好像卖的是无售后的，可能应该就没有售后群了,1,负面,0,中性,显性情绪,,0
38736,可以的话我只想一辈子读书做题,0,中性,0,中性,中性,中性,0
71175,我妹她们学校的卡也是，大一便宜大二就贵,0,中性,0,中性,中性,中性,0
25453,回复：抱抱呀，我爸妈好像是因为丢了个东西，就吵起来的,1,负面,1,负面,隐含情绪,焦虑,1
61294,我现在碰到的就是男单亲，38岁，父母5岁离婚，爸爸三婚并且有个儿子,0,中性,0,中性,中性,中性,1
59863,新人都不让加班了,0,中性,1,负面,中性,中性,0
1776,绘画作者们汇总-图一： 图二和图五： 图三： 图四： 图六： 图七： 图八： 图九： 图十：📸 图十一： 图十二：🍟 图十三： 图十四： 图十五： 图十六： 图十七： 图十八： 以上共有18张作品，17个绘画的清华美院同学,1,负面,0,中性,显性情绪,,0
59108,但這並不意味著選擇B就是無條件的愛，會是部分定義，但不是全部（我覺得）,0,中性,1,负面,中性,中性,0
66894,回复：我哥他们高中十点多放学,0,中性,0,中性,中性,中性,1
